{
  "NAME_CONTRACT_TYPE": 1279.5189933776855,
  "CODE_GENDER": 3810.9057335853577,
  "FLAG_OWN_CAR": 230.58263301849365,
  "FLAG_OWN_REALTY": 128.01970100402832,
  "CNT_CHILDREN": 364.5018391609192,
  "AMT_INCOME_TOTAL": 2058.83060836792,
  "AMT_CREDIT": 7154.1899609565735,
  "AMT_ANNUITY": 6761.640806674957,
  "AMT_GOODS_PRICE": 6577.219539642334,
  "NAME_TYPE_SUITE": 155.46868228912354,
  "NAME_INCOME_TYPE": 566.5139970779419,
  "NAME_EDUCATION_TYPE": 3975.6965475082397,
  "NAME_FAMILY_STATUS": 1597.86949300766,
  "NAME_HOUSING_TYPE": 275.73098039627075,
  "REGION_POPULATION_RELATIVE": 1728.300908088684,
  "DAYS_BIRTH": 8158.359016895294,
  "DAYS_EMPLOYED": 5306.08308839798,
  "DAYS_REGISTRATION": 3126.259801864624,
  "DAYS_ID_PUBLISH": 4677.187766075134,
  "OWN_CAR_AGE": 4584.005220413208,
  "FLAG_MOBIL": 0.0,
  "FLAG_EMP_PHONE": 0.0,
  "FLAG_WORK_PHONE": 685.5592641830444,
  "FLAG_CONT_MOBILE": 0.0,
  "FLAG_PHONE": 67.69374942779541,
  "FLAG_EMAIL": 33.91550064086914,
  "OCCUPATION_TYPE": 5469.379823684692,
  "CNT_FAM_MEMBERS": 328.7629475593567,
  "REGION_RATING_CLIENT": 141.56659984588623,
  "REGION_RATING_CLIENT_W_CITY": 1139.8773164749146,
  "WEEKDAY_APPR_PROCESS_START": 348.53846645355225,
  "HOUR_APPR_PROCESS_START": 959.8411989212036,
  "REG_REGION_NOT_LIVE_REGION": 24.702280044555664,
  "REG_REGION_NOT_WORK_REGION": 0.0,
  "LIVE_REGION_NOT_WORK_REGION": 27.297300338745117,
  "REG_CITY_NOT_LIVE_CITY": 346.79755687713623,
  "REG_CITY_NOT_WORK_CITY": 118.82984066009521,
  "LIVE_CITY_NOT_WORK_CITY": 66.11774158477783,
  "ORGANIZATION_TYPE": 22915.63881444931,
  "EXT_SOURCE_1": 19789.973878383636,
  "EXT_SOURCE_2": 53185.49337434769,
  "EXT_SOURCE_3": 66842.46133565903,
  "APARTMENTS_AVG": 883.1112713813782,
  "BASEMENTAREA_AVG": 685.5156126022339,
  "YEARS_BEGINEXPLUATATION_AVG": 703.730800151825,
  "YEARS_BUILD_AVG": 597.854986667633,
  "COMMONAREA_AVG": 576.3863816261292,
  "ELEVATORS_AVG": 166.18516063690186,
  "ENTRANCES_AVG": 450.2601499557495,
  "FLOORSMAX_AVG": 639.4972085952759,
  "FLOORSMIN_AVG": 442.8220911026001,
  "LANDAREA_AVG": 720.5579862594604,
  "LIVINGAPARTMENTS_AVG": 687.3586001396179,
  "LIVINGAREA_AVG": 919.4417338371277,
  "NONLIVINGAPARTMENTS_AVG": 225.4788303375244,
  "NONLIVINGAREA_AVG": 669.394091129303,
  "APARTMENTS_MODE": 811.6658473014832,
  "BASEMENTAREA_MODE": 748.2192254066467,
  "YEARS_BEGINEXPLUATATION_MODE": 386.4971218109131,
  "YEARS_BUILD_MODE": 330.2357015609741,
  "COMMONAREA_MODE": 375.03299713134766,
  "ELEVATORS_MODE": 140.27164888381958,
  "ENTRANCES_MODE": 231.14163208007812,
  "FLOORSMAX_MODE": 143.28682041168213,
  "FLOORSMIN_MODE": 164.76372909545898,
  "LANDAREA_MODE": 810.083812713623,
  "LIVINGAPARTMENTS_MODE": 620.815559387207,
  "LIVINGAREA_MODE": 583.9243297576904,
  "NONLIVINGAPARTMENTS_MODE": 196.86372756958008,
  "NONLIVINGAREA_MODE": 711.117470741272,
  "APARTMENTS_MEDI": 358.0512595176697,
  "BASEMENTAREA_MEDI": 484.09996271133423,
  "YEARS_BEGINEXPLUATATION_MEDI": 613.6527714729309,
  "YEARS_BUILD_MEDI": 83.7290096282959,
  "COMMONAREA_MEDI": 379.75138235092163,
  "ELEVATORS_MEDI": 8.912699699401855,
  "ENTRANCES_MEDI": 106.98739910125732,
  "FLOORSMAX_MEDI": 44.253600120544434,
  "FLOORSMIN_MEDI": 26.92710018157959,
  "LANDAREA_MEDI": 312.1133289337158,
  "LIVINGAPARTMENTS_MEDI": 326.8633074760437,
  "LIVINGAREA_MEDI": 514.987156867981,
  "NONLIVINGAPARTMENTS_MEDI": 96.0271987915039,
  "NONLIVINGAREA_MEDI": 418.641300201416,
  "FONDKAPREMONT_MODE": 33.91749048233032,
  "HOUSETYPE_MODE": 117.50690078735352,
  "TOTALAREA_MODE": 1396.4471054077148,
  "WALLSMATERIAL_MODE": 242.32160139083862,
  "EMERGENCYSTATE_MODE": 35.08060073852539,
  "OBS_30_CNT_SOCIAL_CIRCLE": 648.7831163406372,
  "DEF_30_CNT_SOCIAL_CIRCLE": 1197.4092669487,
  "OBS_60_CNT_SOCIAL_CIRCLE": 447.55807399749756,
  "DEF_60_CNT_SOCIAL_CIRCLE": 547.8897523880005,
  "DAYS_LAST_PHONE_CHANGE": 2534.974964618683,
  "FLAG_DOCUMENT_2": 0.0,
  "FLAG_DOCUMENT_3": 2048.8236904144287,
  "FLAG_DOCUMENT_4": 0.0,
  "FLAG_DOCUMENT_5": 75.3265495300293,
  "FLAG_DOCUMENT_6": 10.467399597167969,
  "FLAG_DOCUMENT_7": 0.0,
  "FLAG_DOCUMENT_8": 49.17269992828369,
  "FLAG_DOCUMENT_9": 21.297499656677246,
  "FLAG_DOCUMENT_10": 0.0,
  "FLAG_DOCUMENT_11": 41.51842975616455,
  "FLAG_DOCUMENT_12": 0.0,
  "FLAG_DOCUMENT_13": 50.17146968841553,
  "FLAG_DOCUMENT_14": 10.212249755859375,
  "FLAG_DOCUMENT_15": 0.0,
  "FLAG_DOCUMENT_16": 205.44781017303467,
  "FLAG_DOCUMENT_17": 0.0,
  "FLAG_DOCUMENT_18": 258.1667809486389,
  "FLAG_DOCUMENT_19": 0.0,
  "FLAG_DOCUMENT_20": 0.0,
  "FLAG_DOCUMENT_21": 0.0,
  "AMT_REQ_CREDIT_BUREAU_HOUR": 85.49589824676514,
  "AMT_REQ_CREDIT_BUREAU_DAY": 47.33570098876953,
  "AMT_REQ_CREDIT_BUREAU_WEEK": 127.25971984863281,
  "AMT_REQ_CREDIT_BUREAU_MON": 155.0358691215515,
  "AMT_REQ_CREDIT_BUREAU_QRT": 923.0088667869568,
  "AMT_REQ_CREDIT_BUREAU_YEAR": 1310.9938569068909,
  "MONTHS_BALANCE_mean": 2303.656481742859,
  "MONTHS_BALANCE_std": 5937.519282341003,
  "MONTHS_BALANCE_min": 2392.1254053115845,
  "MONTHS_BALANCE_max": 2287.9893612861633,
  "CNT_INSTALMENT_mean": 1658.903869152069,
  "CNT_INSTALMENT_std": 1363.5761051177979,
  "CNT_INSTALMENT_min": 947.1027679443359,
  "CNT_INSTALMENT_max": 581.5772061347961,
  "CNT_INSTALMENT_FUTURE_mean": 6784.7630224227905,
  "CNT_INSTALMENT_FUTURE_std": 4159.336356163025,
  "CNT_INSTALMENT_FUTURE_min": 318.4311285018921,
  "CNT_INSTALMENT_FUTURE_max": 414.7819938659668,
  "SK_DPD_mean": 1567.4394307136536,
  "SK_DPD_std": 1107.0168023109436,
  "SK_DPD_min": 24.07229995727539,
  "SK_DPD_max": 389.91378021240234,
  "SK_DPD_DEF_mean": 3662.691472530365,
  "SK_DPD_DEF_std": 1557.8634071350098,
  "SK_DPD_DEF_min": 0.0,
  "SK_DPD_DEF_max": 758.3587188720703,
  "NAME_CONTRACT_STATUS_Active_mean": 1981.9641027450562,
  "NAME_CONTRACT_STATUS_Amortized_debt_mean": 0.0,
  "NAME_CONTRACT_STATUS_Approved_mean": 44.269989013671875,
  "NAME_CONTRACT_STATUS_Canceled_mean": 0.0,
  "NAME_CONTRACT_STATUS_Completed_mean": 1576.3257808685303,
  "NAME_CONTRACT_STATUS_Demand_mean": 46.91369915008545,
  "NAME_CONTRACT_STATUS_Returned_to_the_store_mean": 454.0488305091858,
  "NAME_CONTRACT_STATUS_Signed_mean": 947.8133320808411,
  "NAME_CONTRACT_STATUS_XNA_mean": 0.0,
  "NAME_CONTRACT_STATUS_nan_mean": 0.0,
  "SK_ID_PREV_count": 3094.474959373474,
  "SK_ID_PREV_nunique": 1723.619369506836
}