{
  "NAME_CONTRACT_TYPE": 1697.30064868927,
  "CODE_GENDER": 2919.537829399109,
  "FLAG_OWN_CAR": 145.9409990310669,
  "FLAG_OWN_REALTY": 189.82004928588867,
  "CNT_CHILDREN": 250.85306024551392,
  "AMT_INCOME_TOTAL": 1669.642590522766,
  "AMT_CREDIT": 4808.05549621582,
  "AMT_ANNUITY": 5973.463936805725,
  "AMT_GOODS_PRICE": 5267.392342567444,
  "NAME_TYPE_SUITE": 122.37904953956604,
  "NAME_INCOME_TYPE": 375.04983139038086,
  "NAME_EDUCATION_TYPE": 3274.9783816337585,
  "NAME_FAMILY_STATUS": 1286.2924876213074,
  "NAME_HOUSING_TYPE": 259.09859228134155,
  "REGION_POPULATION_RELATIVE": 2264.1759927272797,
  "DAYS_BIRTH": 6766.742805719376,
  "DAYS_EMPLOYED": 3868.052761077881,
  "DAYS_REGISTRATION": 3846.988306045532,
  "DAYS_ID_PUBLISH": 4597.635543823242,
  "OWN_CAR_AGE": 4131.520439624786,
  "FLAG_MOBIL": 0.0,
  "FLAG_EMP_PHONE": 0.0,
  "FLAG_WORK_PHONE": 480.95847368240356,
  "FLAG_CONT_MOBILE": 0.0,
  "FLAG_PHONE": 153.67361879348755,
  "FLAG_EMAIL": 30.608099937438965,
  "OCCUPATION_TYPE": 4535.673789978027,
  "CNT_FAM_MEMBERS": 324.00032901763916,
  "REGION_RATING_CLIENT": 108.14820098876953,
  "REGION_RATING_CLIENT_W_CITY": 1098.3224201202393,
  "WEEKDAY_APPR_PROCESS_START": 597.6884875297546,
  "HOUR_APPR_PROCESS_START": 1326.4745993614197,
  "REG_REGION_NOT_LIVE_REGION": 49.03476047515869,
  "REG_REGION_NOT_WORK_REGION": 47.209720611572266,
  "LIVE_REGION_NOT_WORK_REGION": 117.37129163742065,
  "REG_CITY_NOT_LIVE_CITY": 392.2521276473999,
  "REG_CITY_NOT_WORK_CITY": 211.07590103149414,
  "LIVE_CITY_NOT_WORK_CITY": 71.30651998519897,
  "ORGANIZATION_TYPE": 20358.77269220352,
  "EXT_SOURCE_1": 6019.4024310112,
  "EXT_SOURCE_2": 2853.715691804886,
  "EXT_SOURCE_3": 10073.140222072601,
  "APARTMENTS_AVG": 1159.3575625419617,
  "BASEMENTAREA_AVG": 687.4320483207703,
  "YEARS_BEGINEXPLUATATION_AVG": 1054.0053265094757,
  "YEARS_BUILD_AVG": 914.7354125976562,
  "COMMONAREA_AVG": 815.9701986312866,
  "ELEVATORS_AVG": 258.6688241958618,
  "ENTRANCES_AVG": 544.0966777801514,
  "FLOORSMAX_AVG": 642.03125,
  "FLOORSMIN_AVG": 283.4875798225403,
  "LANDAREA_AVG": 810.2376294136047,
  "LIVINGAPARTMENTS_AVG": 679.5381689071655,
  "LIVINGAREA_AVG": 971.5577855110168,
  "NONLIVINGAPARTMENTS_AVG": 209.11196947097778,
  "NONLIVINGAREA_AVG": 801.8327789306641,
  "APARTMENTS_MODE": 690.5566487312317,
  "BASEMENTAREA_MODE": 711.1758508682251,
  "YEARS_BEGINEXPLUATATION_MODE": 783.5348658561707,
  "YEARS_BUILD_MODE": 303.2417278289795,
  "COMMONAREA_MODE": 494.8770275115967,
  "ELEVATORS_MODE": 56.75220012664795,
  "ENTRANCES_MODE": 249.03487014770508,
  "FLOORSMAX_MODE": 262.13487577438354,
  "FLOORSMIN_MODE": 148.2047119140625,
  "LANDAREA_MODE": 920.4666790962219,
  "LIVINGAPARTMENTS_MODE": 661.502854347229,
  "LIVINGAREA_MODE": 882.375768661499,
  "NONLIVINGAPARTMENTS_MODE": 401.4859833717346,
  "NONLIVINGAREA_MODE": 678.3466830253601,
  "APARTMENTS_MEDI": 566.5307285785675,
  "BASEMENTAREA_MEDI": 398.8900923728943,
  "YEARS_BEGINEXPLUATATION_MEDI": 523.3458194732666,
  "YEARS_BUILD_MEDI": 89.82073974609375,
  "COMMONAREA_MEDI": 293.72440814971924,
  "ELEVATORS_MEDI": 13.075300216674805,
  "ENTRANCES_MEDI": 118.1033525466919,
  "FLOORSMAX_MEDI": 28.011500358581543,
  "FLOORSMIN_MEDI": 46.68420124053955,
  "LANDAREA_MEDI": 365.0629014968872,
  "LIVINGAPARTMENTS_MEDI": 265.8965997695923,
  "LIVINGAREA_MEDI": 380.08997535705566,
  "NONLIVINGAPARTMENTS_MEDI": 122.10433149337769,
  "NONLIVINGAREA_MEDI": 328.5696005821228,
  "FONDKAPREMONT_MODE": 75.44335079193115,
  "HOUSETYPE_MODE": 50.78770065307617,
  "TOTALAREA_MODE": 1164.9524426460266,
  "WALLSMATERIAL_MODE": 264.2190914154053,
  "EMERGENCYSTATE_MODE": 27.846349716186523,
  "OBS_30_CNT_SOCIAL_CIRCLE": 814.5640940666199,
  "DEF_30_CNT_SOCIAL_CIRCLE": 1564.064787387848,
  "OBS_60_CNT_SOCIAL_CIRCLE": 558.9551200866699,
  "DEF_60_CNT_SOCIAL_CIRCLE": 760.716230392456,
  "DAYS_LAST_PHONE_CHANGE": 3593.397913455963,
  "FLAG_DOCUMENT_2": 0.0,
  "FLAG_DOCUMENT_3": 1702.8419151306152,
  "FLAG_DOCUMENT_4": 0.0,
  "FLAG_DOCUMENT_5": 10.094499588012695,
  "FLAG_DOCUMENT_6": 64.06889915466309,
  "FLAG_DOCUMENT_7": 0.0,
  "FLAG_DOCUMENT_8": 96.56094026565552,
  "FLAG_DOCUMENT_9": 17.14045000076294,
  "FLAG_DOCUMENT_10": 0.0,
  "FLAG_DOCUMENT_11": 32.307899475097656,
  "FLAG_DOCUMENT_12": 0.0,
  "FLAG_DOCUMENT_13": 101.44869899749756,
  "FLAG_DOCUMENT_14": 17.317899703979492,
  "FLAG_DOCUMENT_15": 22.39938998222351,
  "FLAG_DOCUMENT_16": 97.48927974700928,
  "FLAG_DOCUMENT_17": 0.0,
  "FLAG_DOCUMENT_18": 136.14424777030945,
  "FLAG_DOCUMENT_19": 0.0,
  "FLAG_DOCUMENT_20": 0.0,
  "FLAG_DOCUMENT_21": 0.0,
  "AMT_REQ_CREDIT_BUREAU_HOUR": 203.05429935455322,
  "AMT_REQ_CREDIT_BUREAU_DAY": 115.41800022125244,
  "AMT_REQ_CREDIT_BUREAU_WEEK": 39.60676097869873,
  "AMT_REQ_CREDIT_BUREAU_MON": 241.03059005737305,
  "AMT_REQ_CREDIT_BUREAU_QRT": 1075.8239583969116,
  "AMT_REQ_CREDIT_BUREAU_YEAR": 1973.0042114257812,
  "INCOME_div_PERSON": 2265.865466594696,
  "INCOME_div_EMPLOYED": 3658.9694027900696,
  "EXT_SOURCE_mean": 112575.5426659584,
  "EXT_SOURCE_max": 3513.6506152153015,
  "EXT_SOURCE_min": 7186.792153835297,
  "EXT_SOURCE_std": 5348.047723770142,
  "EXT_SOURCE_count": 791.9484643936157,
  "DAYS_EMPLOYED_div_BIRTH": 4040.823413133621,
  "ANNUITY_div_INCOME": 3926.850823402405,
  "ANNUITY_div_CREDIT": 23612.322088479996
}