{
  "NAME_CONTRACT_TYPE": 1597.392092704773,
  "CODE_GENDER": 3623.468292236328,
  "FLAG_OWN_CAR": 137.37969970703125,
  "FLAG_OWN_REALTY": 81.33720016479492,
  "CNT_CHILDREN": 194.1995086669922,
  "AMT_INCOME_TOTAL": 1570.222755908966,
  "AMT_CREDIT": 7113.912593841553,
  "AMT_ANNUITY": 6458.579746246338,
  "AMT_GOODS_PRICE": 6878.354638576508,
  "NAME_TYPE_SUITE": 69.30799961090088,
  "NAME_INCOME_TYPE": 513.6975646018982,
  "NAME_EDUCATION_TYPE": 3836.1932067871094,
  "NAME_FAMILY_STATUS": 1456.899299621582,
  "NAME_HOUSING_TYPE": 274.76161909103394,
  "REGION_POPULATION_RELATIVE": 1060.8720140457153,
  "DAYS_BIRTH": 7420.079685688019,
  "DAYS_EMPLOYED": 5142.377678871155,
  "DAYS_REGISTRATION": 2754.063199520111,
  "DAYS_ID_PUBLISH": 4106.756633281708,
  "OWN_CAR_AGE": 4567.006680488586,
  "FLAG_MOBIL": 0.0,
  "FLAG_EMP_PHONE": 0.0,
  "FLAG_WORK_PHONE": 738.3481116294861,
  "FLAG_CONT_MOBILE": 15.615699768066406,
  "FLAG_PHONE": 62.42195987701416,
  "FLAG_EMAIL": 15.62559986114502,
  "OCCUPATION_TYPE": 5021.03972530365,
  "CNT_FAM_MEMBERS": 246.82429933547974,
  "REGION_RATING_CLIENT": 176.25927257537842,
  "REGION_RATING_CLIENT_W_CITY": 1074.765703678131,
  "WEEKDAY_APPR_PROCESS_START": 290.97987031936646,
  "HOUR_APPR_PROCESS_START": 859.4484004974365,
  "REG_REGION_NOT_LIVE_REGION": 19.781859397888184,
  "REG_REGION_NOT_WORK_REGION": 21.10363006591797,
  "LIVE_REGION_NOT_WORK_REGION": 0.0,
  "REG_CITY_NOT_LIVE_CITY": 407.0483994483948,
  "REG_CITY_NOT_WORK_CITY": 7.818999767303467,
  "LIVE_CITY_NOT_WORK_CITY": 48.528380393981934,
  "ORGANIZATION_TYPE": 20356.127269744873,
  "EXT_SOURCE_1": 19171.324382305145,
  "EXT_SOURCE_2": 53019.55020570755,
  "EXT_SOURCE_3": 66153.3329205513,
  "APARTMENTS_AVG": 687.7585849761963,
  "BASEMENTAREA_AVG": 562.7529382705688,
  "YEARS_BEGINEXPLUATATION_AVG": 503.02239990234375,
  "YEARS_BUILD_AVG": 391.47251987457275,
  "COMMONAREA_AVG": 403.29745960235596,
  "ELEVATORS_AVG": 233.4770803451538,
  "ENTRANCES_AVG": 346.0210556983948,
  "FLOORSMAX_AVG": 351.38096046447754,
  "FLOORSMIN_AVG": 188.93419933319092,
  "LANDAREA_AVG": 576.4806632995605,
  "LIVINGAPARTMENTS_AVG": 437.2938747406006,
  "LIVINGAREA_AVG": 562.8353109359741,
  "NONLIVINGAPARTMENTS_AVG": 208.60615062713623,
  "NONLIVINGAREA_AVG": 398.7822833061218,
  "APARTMENTS_MODE": 364.05134296417236,
  "BASEMENTAREA_MODE": 509.66267251968384,
  "YEARS_BEGINEXPLUATATION_MODE": 495.21839570999146,
  "YEARS_BUILD_MODE": 150.7504005432129,
  "COMMONAREA_MODE": 493.7039785385132,
  "ELEVATORS_MODE": 127.2166976928711,
  "ENTRANCES_MODE": 98.37485074996948,
  "FLOORSMAX_MODE": 120.1724681854248,
  "FLOORSMIN_MODE": 187.14827728271484,
  "LANDAREA_MODE": 396.3467493057251,
  "LIVINGAPARTMENTS_MODE": 404.2983822822571,
  "LIVINGAREA_MODE": 457.39025259017944,
  "NONLIVINGAPARTMENTS_MODE": 290.40860080718994,
  "NONLIVINGAREA_MODE": 465.21810722351074,
  "APARTMENTS_MEDI": 363.9940996170044,
  "BASEMENTAREA_MEDI": 228.32639980316162,
  "YEARS_BEGINEXPLUATATION_MEDI": 312.5788531303406,
  "YEARS_BUILD_MEDI": 71.13484954833984,
  "COMMONAREA_MEDI": 175.358380317688,
  "ELEVATORS_MEDI": 29.822190284729004,
  "ENTRANCES_MEDI": 136.26189994812012,
  "FLOORSMAX_MEDI": 183.9992961883545,
  "FLOORSMIN_MEDI": 26.521499633789062,
  "LANDAREA_MEDI": 208.1156005859375,
  "LIVINGAPARTMENTS_MEDI": 171.76712894439697,
  "LIVINGAREA_MEDI": 347.3331117630005,
  "NONLIVINGAPARTMENTS_MEDI": 65.98814964294434,
  "NONLIVINGAREA_MEDI": 385.7165594100952,
  "FONDKAPREMONT_MODE": 31.001830101013184,
  "HOUSETYPE_MODE": 14.253399848937988,
  "TOTALAREA_MODE": 1298.0556564331055,
  "WALLSMATERIAL_MODE": 277.72876167297363,
  "EMERGENCYSTATE_MODE": 0.0,
  "OBS_30_CNT_SOCIAL_CIRCLE": 525.4689493179321,
  "DEF_30_CNT_SOCIAL_CIRCLE": 1112.4460797309875,
  "OBS_60_CNT_SOCIAL_CIRCLE": 310.1805114746094,
  "DEF_60_CNT_SOCIAL_CIRCLE": 486.6389684677124,
  "DAYS_LAST_PHONE_CHANGE": 2274.1544227600098,
  "FLAG_DOCUMENT_2": 0.0,
  "FLAG_DOCUMENT_3": 2037.75412607193,
  "FLAG_DOCUMENT_4": 0.0,
  "FLAG_DOCUMENT_5": 37.99769878387451,
  "FLAG_DOCUMENT_6": 0.0,
  "FLAG_DOCUMENT_7": 0.0,
  "FLAG_DOCUMENT_8": 83.07385063171387,
  "FLAG_DOCUMENT_9": 8.802189826965332,
  "FLAG_DOCUMENT_10": 0.0,
  "FLAG_DOCUMENT_11": 24.989699363708496,
  "FLAG_DOCUMENT_12": 0.0,
  "FLAG_DOCUMENT_13": 64.62705087661743,
  "FLAG_DOCUMENT_14": 5.349569797515869,
  "FLAG_DOCUMENT_15": 0.0,
  "FLAG_DOCUMENT_16": 192.98866939544678,
  "FLAG_DOCUMENT_17": 0.0,
  "FLAG_DOCUMENT_18": 259.87002897262573,
  "FLAG_DOCUMENT_19": 0.0,
  "FLAG_DOCUMENT_20": 0.0,
  "FLAG_DOCUMENT_21": 0.0,
  "AMT_REQ_CREDIT_BUREAU_HOUR": 11.733599662780762,
  "AMT_REQ_CREDIT_BUREAU_DAY": 64.27992916107178,
  "AMT_REQ_CREDIT_BUREAU_WEEK": 89.50617027282715,
  "AMT_REQ_CREDIT_BUREAU_MON": 154.27962160110474,
  "AMT_REQ_CREDIT_BUREAU_QRT": 810.9609198570251,
  "AMT_REQ_CREDIT_BUREAU_YEAR": 1249.669798374176
}