{
  "NAME_CONTRACT_TYPE": 1267.9057331085205,
  "CODE_GENDER": 3673.9169459342957,
  "FLAG_OWN_CAR": 30.718000411987305,
  "FLAG_OWN_REALTY": 227.08991050720215,
  "CNT_CHILDREN": 104.99289989471436,
  "AMT_INCOME_TOTAL": 1891.4431729316711,
  "AMT_CREDIT": 7703.553865432739,
  "AMT_ANNUITY": 6775.559824466705,
  "AMT_GOODS_PRICE": 6695.585695266724,
  "NAME_TYPE_SUITE": 58.60589075088501,
  "NAME_INCOME_TYPE": 523.0941905975342,
  "NAME_EDUCATION_TYPE": 3707.815863609314,
  "NAME_FAMILY_STATUS": 1075.1743264198303,
  "NAME_HOUSING_TYPE": 240.49361944198608,
  "REGION_POPULATION_RELATIVE": 2138.1843123435974,
  "DAYS_BIRTH": 8400.487097740173,
  "DAYS_EMPLOYED": 5642.075115680695,
  "DAYS_REGISTRATION": 2978.0591464042664,
  "DAYS_ID_PUBLISH": 4601.428432941437,
  "OWN_CAR_AGE": 4408.603767871857,
  "FLAG_MOBIL": 0.0,
  "FLAG_EMP_PHONE": 0.0,
  "FLAG_WORK_PHONE": 475.5236291885376,
  "FLAG_CONT_MOBILE": 9.446209907531738,
  "FLAG_PHONE": 107.0394401550293,
  "FLAG_EMAIL": 45.62559986114502,
  "OCCUPATION_TYPE": 5067.446346759796,
  "CNT_FAM_MEMBERS": 297.04787826538086,
  "REGION_RATING_CLIENT": 168.60760116577148,
  "REGION_RATING_CLIENT_W_CITY": 1063.6481409072876,
  "WEEKDAY_APPR_PROCESS_START": 300.87838983535767,
  "HOUR_APPR_PROCESS_START": 1159.8540115356445,
  "REG_REGION_NOT_LIVE_REGION": 26.841909885406494,
  "REG_REGION_NOT_WORK_REGION": 15.008399963378906,
  "LIVE_REGION_NOT_WORK_REGION": 48.47769832611084,
  "REG_CITY_NOT_LIVE_CITY": 428.72094202041626,
  "REG_CITY_NOT_WORK_CITY": 40.44269943237305,
  "LIVE_CITY_NOT_WORK_CITY": 63.75566005706787,
  "ORGANIZATION_TYPE": 23986.584974765778,
  "EXT_SOURCE_1": 20746.332425117493,
  "EXT_SOURCE_2": 54046.74153637886,
  "EXT_SOURCE_3": 64798.30348396301,
  "APARTMENTS_AVG": 782.8473830223083,
  "BASEMENTAREA_AVG": 849.1143507957458,
  "YEARS_BEGINEXPLUATATION_AVG": 872.9118394851685,
  "YEARS_BUILD_AVG": 606.558379650116,
  "COMMONAREA_AVG": 678.3486490249634,
  "ELEVATORS_AVG": 181.89804935455322,
  "ENTRANCES_AVG": 488.1307873725891,
  "FLOORSMAX_AVG": 366.0577154159546,
  "FLOORSMIN_AVG": 233.91179084777832,
  "LANDAREA_AVG": 929.9697108268738,
  "LIVINGAPARTMENTS_AVG": 539.6675891876221,
  "LIVINGAREA_AVG": 844.1133313179016,
  "NONLIVINGAPARTMENTS_AVG": 251.11914014816284,
  "NONLIVINGAREA_AVG": 522.3376212120056,
  "APARTMENTS_MODE": 633.6905288696289,
  "BASEMENTAREA_MODE": 422.41650104522705,
  "YEARS_BEGINEXPLUATATION_MODE": 604.4864463806152,
  "YEARS_BUILD_MODE": 386.2298173904419,
  "COMMONAREA_MODE": 548.4544858932495,
  "ELEVATORS_MODE": 76.3503007888794,
  "ENTRANCES_MODE": 170.8979606628418,
  "FLOORSMAX_MODE": 118.50123023986816,
  "FLOORSMIN_MODE": 125.23162078857422,
  "LANDAREA_MODE": 630.5670442581177,
  "LIVINGAPARTMENTS_MODE": 661.8881726264954,
  "LIVINGAREA_MODE": 781.0502281188965,
  "NONLIVINGAPARTMENTS_MODE": 245.1695098876953,
  "NONLIVINGAREA_MODE": 631.7918682098389,
  "APARTMENTS_MEDI": 441.7672290802002,
  "BASEMENTAREA_MEDI": 335.6023769378662,
  "YEARS_BEGINEXPLUATATION_MEDI": 552.3473830223083,
  "YEARS_BUILD_MEDI": 144.0561981201172,
  "COMMONAREA_MEDI": 281.04007148742676,
  "ELEVATORS_MEDI": 13.492799758911133,
  "ENTRANCES_MEDI": 137.76826858520508,
  "FLOORSMAX_MEDI": 109.90210056304932,
  "FLOORSMIN_MEDI": 67.05238914489746,
  "LANDAREA_MEDI": 350.0320806503296,
  "LIVINGAPARTMENTS_MEDI": 206.33005237579346,
  "LIVINGAREA_MEDI": 393.4788193702698,
  "NONLIVINGAPARTMENTS_MEDI": 96.74193954467773,
  "NONLIVINGAREA_MEDI": 282.2262797355652,
  "FONDKAPREMONT_MODE": 0.0,
  "HOUSETYPE_MODE": 90.72170066833496,
  "TOTALAREA_MODE": 1653.3841700553894,
  "WALLSMATERIAL_MODE": 210.38936948776245,
  "EMERGENCYSTATE_MODE": 13.661100387573242,
  "OBS_30_CNT_SOCIAL_CIRCLE": 549.4013514518738,
  "DEF_30_CNT_SOCIAL_CIRCLE": 1234.0063381195068,
  "OBS_60_CNT_SOCIAL_CIRCLE": 270.62350368499756,
  "DEF_60_CNT_SOCIAL_CIRCLE": 786.5644192695618,
  "DAYS_LAST_PHONE_CHANGE": 2426.7526392936707,
  "FLAG_DOCUMENT_2": 0.0,
  "FLAG_DOCUMENT_3": 1778.1569380760193,
  "FLAG_DOCUMENT_4": 0.0,
  "FLAG_DOCUMENT_5": 42.80936861038208,
  "FLAG_DOCUMENT_6": 52.676340103149414,
  "FLAG_DOCUMENT_7": 0.0,
  "FLAG_DOCUMENT_8": 6.952070236206055,
  "FLAG_DOCUMENT_9": 0.0,
  "FLAG_DOCUMENT_10": 0.0,
  "FLAG_DOCUMENT_11": 44.6007399559021,
  "FLAG_DOCUMENT_12": 0.0,
  "FLAG_DOCUMENT_13": 74.27319049835205,
  "FLAG_DOCUMENT_14": 42.297199964523315,
  "FLAG_DOCUMENT_15": 9.216360092163086,
  "FLAG_DOCUMENT_16": 180.59619045257568,
  "FLAG_DOCUMENT_17": 0.0,
  "FLAG_DOCUMENT_18": 314.65058994293213,
  "FLAG_DOCUMENT_19": 0.0,
  "FLAG_DOCUMENT_20": 0.0,
  "FLAG_DOCUMENT_21": 103.60029888153076,
  "AMT_REQ_CREDIT_BUREAU_HOUR": 35.62800979614258,
  "AMT_REQ_CREDIT_BUREAU_DAY": 140.06530094146729,
  "AMT_REQ_CREDIT_BUREAU_WEEK": 89.11121988296509,
  "AMT_REQ_CREDIT_BUREAU_MON": 277.44742012023926,
  "AMT_REQ_CREDIT_BUREAU_QRT": 1328.459005355835,
  "AMT_REQ_CREDIT_BUREAU_YEAR": 1437.4153108596802,
  "MONTHS_BALANCE_mean": 2823.343716621399,
  "MONTHS_BALANCE_std": 6099.481113910675,
  "MONTHS_BALANCE_min": 2167.006758213043,
  "MONTHS_BALANCE_max": 2466.983151912689,
  "CNT_INSTALMENT_mean": 1656.2000288963318,
  "CNT_INSTALMENT_std": 1995.5776925086975,
  "CNT_INSTALMENT_min": 1199.4944734573364,
  "CNT_INSTALMENT_max": 870.4710130691528,
  "CNT_INSTALMENT_FUTURE_mean": 6477.469467163086,
  "CNT_INSTALMENT_FUTURE_std": 4802.439308643341,
  "CNT_INSTALMENT_FUTURE_min": 484.0271806716919,
  "CNT_INSTALMENT_FUTURE_max": 591.4335947036743,
  "SK_DPD_mean": 1822.2802367210388,
  "SK_DPD_std": 1324.292426109314,
  "SK_DPD_min": 58.08356046676636,
  "SK_DPD_max": 431.5005416870117,
  "SK_DPD_DEF_mean": 2975.5444889068604,
  "SK_DPD_DEF_std": 1938.4878034591675,
  "SK_DPD_DEF_min": 0.0,
  "SK_DPD_DEF_max": 649.6363477706909,
  "NAME_CONTRACT_STATUS_Active_mean": 1575.4610395431519,
  "NAME_CONTRACT_STATUS_Amortized_debt_mean": 0.0,
  "NAME_CONTRACT_STATUS_Approved_mean": 179.17892932891846,
  "NAME_CONTRACT_STATUS_Canceled_mean": 0.0,
  "NAME_CONTRACT_STATUS_Completed_mean": 1556.0258312225342,
  "NAME_CONTRACT_STATUS_Demand_mean": 175.59919834136963,
  "NAME_CONTRACT_STATUS_Returned_to_the_store_mean": 574.5001187324524,
  "NAME_CONTRACT_STATUS_Signed_mean": 930.3265714645386,
  "NAME_CONTRACT_STATUS_XNA_mean": 0.0,
  "NAME_CONTRACT_STATUS_nan_mean": 0.0,
  "SK_ID_PREV_count": 2669.365976333618,
  "SK_ID_PREV_nunique": 1667.484091758728
}