{
  "NAME_CONTRACT_TYPE": 1983.0269832611084,
  "CODE_GENDER": 2840.6458587646484,
  "FLAG_OWN_CAR": 76.40837144851685,
  "FLAG_OWN_REALTY": 272.3424916267395,
  "CNT_CHILDREN": 207.25109767913818,
  "AMT_INCOME_TOTAL": 2152.3936591148376,
  "AMT_CREDIT": 5412.085082054138,
  "AMT_ANNUITY": 6011.651326656342,
  "AMT_GOODS_PRICE": 5829.355177402496,
  "NAME_TYPE_SUITE": 75.0574300289154,
  "NAME_INCOME_TYPE": 300.52305698394775,
  "NAME_EDUCATION_TYPE": 3159.8013548851013,
  "NAME_FAMILY_STATUS": 983.2351584434509,
  "NAME_HOUSING_TYPE": 241.82699942588806,
  "REGION_POPULATION_RELATIVE": 2685.365763425827,
  "DAYS_BIRTH": 8415.627668619156,
  "DAYS_EMPLOYED": 5251.812777996063,
  "DAYS_REGISTRATION": 4064.599375486374,
  "DAYS_ID_PUBLISH": 5827.483151912689,
  "OWN_CAR_AGE": 5047.374616146088,
  "FLAG_MOBIL": 0.0,
  "FLAG_EMP_PHONE": 0.0,
  "FLAG_WORK_PHONE": 622.4358208179474,
  "FLAG_CONT_MOBILE": 0.0,
  "FLAG_PHONE": 246.577290058136,
  "FLAG_EMAIL": 24.190699577331543,
  "OCCUPATION_TYPE": 4625.709691286087,
  "CNT_FAM_MEMBERS": 666.8230237960815,
  "REGION_RATING_CLIENT": 178.44083738327026,
  "REGION_RATING_CLIENT_W_CITY": 1056.1151819229126,
  "WEEKDAY_APPR_PROCESS_START": 563.7348475456238,
  "HOUR_APPR_PROCESS_START": 1702.5044240951538,
  "REG_REGION_NOT_LIVE_REGION": 18.637829780578613,
  "REG_REGION_NOT_WORK_REGION": 34.4968900680542,
  "LIVE_REGION_NOT_WORK_REGION": 56.100900650024414,
  "REG_CITY_NOT_LIVE_CITY": 405.07944917678833,
  "REG_CITY_NOT_WORK_CITY": 140.20253229141235,
  "LIVE_CITY_NOT_WORK_CITY": 138.26180028915405,
  "ORGANIZATION_TYPE": 22985.035397529602,
  "EXT_SOURCE_1": 7630.060495376587,
  "EXT_SOURCE_2": 3793.569411277771,
  "EXT_SOURCE_3": 11622.638656616211,
  "APARTMENTS_AVG": 1238.2912330627441,
  "BASEMENTAREA_AVG": 942.2368011474609,
  "YEARS_BEGINEXPLUATATION_AVG": 1061.648103237152,
  "YEARS_BUILD_AVG": 1065.2405452728271,
  "COMMONAREA_AVG": 863.9395933151245,
  "ELEVATORS_AVG": 428.1336395740509,
  "ENTRANCES_AVG": 807.8537793159485,
  "FLOORSMAX_AVG": 775.4989194869995,
  "FLOORSMIN_AVG": 652.947012424469,
  "LANDAREA_AVG": 1213.0168645381927,
  "LIVINGAPARTMENTS_AVG": 914.2207627296448,
  "LIVINGAREA_AVG": 1245.6133437156677,
  "NONLIVINGAPARTMENTS_AVG": 478.84817934036255,
  "NONLIVINGAREA_AVG": 717.1980175971985,
  "APARTMENTS_MODE": 938.7215347290039,
  "BASEMENTAREA_MODE": 1003.5214695930481,
  "YEARS_BEGINEXPLUATATION_MODE": 856.9600400924683,
  "YEARS_BUILD_MODE": 429.2277898788452,
  "COMMONAREA_MODE": 712.0696530342102,
  "ELEVATORS_MODE": 107.13161039352417,
  "ENTRANCES_MODE": 332.6514825820923,
  "FLOORSMAX_MODE": 204.61512899398804,
  "FLOORSMIN_MODE": 180.35403060913086,
  "LANDAREA_MODE": 1092.8035898208618,
  "LIVINGAPARTMENTS_MODE": 857.4310936927795,
  "LIVINGAREA_MODE": 1260.5590362548828,
  "NONLIVINGAPARTMENTS_MODE": 243.06408834457397,
  "NONLIVINGAREA_MODE": 1204.0107746124268,
  "APARTMENTS_MEDI": 400.2944989204407,
  "BASEMENTAREA_MEDI": 782.4419038295746,
  "YEARS_BEGINEXPLUATATION_MEDI": 557.3755493164062,
  "YEARS_BUILD_MEDI": 183.1254425048828,
  "COMMONAREA_MEDI": 322.76666235923767,
  "ELEVATORS_MEDI": 95.8809380531311,
  "ENTRANCES_MEDI": 151.8073718547821,
  "FLOORSMAX_MEDI": 65.0247974395752,
  "FLOORSMIN_MEDI": 0.0,
  "LANDAREA_MEDI": 523.5870594978333,
  "LIVINGAPARTMENTS_MEDI": 208.9137406349182,
  "LIVINGAREA_MEDI": 759.5912339687347,
  "NONLIVINGAPARTMENTS_MEDI": 85.4302887916565,
  "NONLIVINGAREA_MEDI": 451.1359429359436,
  "FONDKAPREMONT_MODE": 51.324249029159546,
  "HOUSETYPE_MODE": 76.20740032196045,
  "TOTALAREA_MODE": 1962.876692533493,
  "WALLSMATERIAL_MODE": 280.6496500968933,
  "EMERGENCYSTATE_MODE": 46.07119941711426,
  "OBS_30_CNT_SOCIAL_CIRCLE": 894.5508913993835,
  "DEF_30_CNT_SOCIAL_CIRCLE": 1384.9284653663635,
  "OBS_60_CNT_SOCIAL_CIRCLE": 666.085967540741,
  "DEF_60_CNT_SOCIAL_CIRCLE": 1061.1906518936157,
  "DAYS_LAST_PHONE_CHANGE": 3961.362267255783,
  "FLAG_DOCUMENT_2": 0.0,
  "FLAG_DOCUMENT_3": 1471.0123620033264,
  "FLAG_DOCUMENT_4": 0.0,
  "FLAG_DOCUMENT_5": 72.91561985015869,
  "FLAG_DOCUMENT_6": 37.01296091079712,
  "FLAG_DOCUMENT_7": 0.0,
  "FLAG_DOCUMENT_8": 112.09363842010498,
  "FLAG_DOCUMENT_9": 20.126309871673584,
  "FLAG_DOCUMENT_10": 0.0,
  "FLAG_DOCUMENT_11": 38.33619976043701,
  "FLAG_DOCUMENT_12": 0.0,
  "FLAG_DOCUMENT_13": 50.941590309143066,
  "FLAG_DOCUMENT_14": 43.874940156936646,
  "FLAG_DOCUMENT_15": 25.918319940567017,
  "FLAG_DOCUMENT_16": 81.03144955635071,
  "FLAG_DOCUMENT_17": 0.0,
  "FLAG_DOCUMENT_18": 126.92714023590088,
  "FLAG_DOCUMENT_19": 0.0,
  "FLAG_DOCUMENT_20": 0.0,
  "FLAG_DOCUMENT_21": 20.736130237579346,
  "AMT_REQ_CREDIT_BUREAU_HOUR": 344.6440997123718,
  "AMT_REQ_CREDIT_BUREAU_DAY": 353.08936977386475,
  "AMT_REQ_CREDIT_BUREAU_WEEK": 217.44247150421143,
  "AMT_REQ_CREDIT_BUREAU_MON": 511.61114048957825,
  "AMT_REQ_CREDIT_BUREAU_QRT": 1212.6203985214233,
  "AMT_REQ_CREDIT_BUREAU_YEAR": 2264.679244041443,
  "INCOME_div_PERSON": 2912.487404823303,
  "INCOME_div_EMPLOYED": 3773.9860525131226,
  "EXT_SOURCE_mean": 113526.18168973923,
  "EXT_SOURCE_max": 4887.32884311676,
  "EXT_SOURCE_min": 8037.451563358307,
  "EXT_SOURCE_std": 5337.411768436432,
  "EXT_SOURCE_count": 728.4579720497131,
  "DAYS_EMPLOYED_div_BIRTH": 4305.867236852646,
  "ANNUITY_div_INCOME": 4504.87348151207,
  "ANNUITY_div_CREDIT": 24493.120908021927
}