{
  "NAME_CONTRACT_TYPE": 1413.97705078125,
  "CODE_GENDER": 3420.9866337776184,
  "FLAG_OWN_CAR": 115.67316150665283,
  "FLAG_OWN_REALTY": 126.40830063819885,
  "CNT_CHILDREN": 187.61696910858154,
  "AMT_INCOME_TOTAL": 2389.531397342682,
  "AMT_CREDIT": 8717.122267246246,
  "AMT_ANNUITY": 7193.203639745712,
  "AMT_GOODS_PRICE": 7956.316035985947,
  "NAME_TYPE_SUITE": 106.03352928161621,
  "NAME_INCOME_TYPE": 339.3344659805298,
  "NAME_EDUCATION_TYPE": 3694.7810916900635,
  "NAME_FAMILY_STATUS": 1047.8182907104492,
  "NAME_HOUSING_TYPE": 252.50049829483032,
  "REGION_POPULATION_RELATIVE": 2408.59388422966,
  "DAYS_BIRTH": 8932.507573366165,
  "DAYS_EMPLOYED": 6021.920661449432,
  "DAYS_REGISTRATION": 3618.159683227539,
  "DAYS_ID_PUBLISH": 5170.934988260269,
  "OWN_CAR_AGE": 4464.7889795303345,
  "FLAG_MOBIL": 0.0,
  "FLAG_EMP_PHONE": 24.928300857543945,
  "FLAG_WORK_PHONE": 624.3669514656067,
  "FLAG_CONT_MOBILE": 12.097800254821777,
  "FLAG_PHONE": 186.6876516342163,
  "FLAG_EMAIL": 47.53829097747803,
  "OCCUPATION_TYPE": 5337.667341709137,
  "CNT_FAM_MEMBERS": 547.9018998146057,
  "REGION_RATING_CLIENT": 204.26322841644287,
  "REGION_RATING_CLIENT_W_CITY": 1121.3606638908386,
  "WEEKDAY_APPR_PROCESS_START": 405.5851125717163,
  "HOUR_APPR_PROCESS_START": 1564.6796503067017,
  "REG_REGION_NOT_LIVE_REGION": 15.251099586486816,
  "REG_REGION_NOT_WORK_REGION": 18.931110382080078,
  "LIVE_REGION_NOT_WORK_REGION": 64.18080043792725,
  "REG_CITY_NOT_LIVE_CITY": 568.6789712905884,
  "REG_CITY_NOT_WORK_CITY": 32.263389110565186,
  "LIVE_CITY_NOT_WORK_CITY": 47.52811908721924,
  "ORGANIZATION_TYPE": 22349.13539123535,
  "EXT_SOURCE_1": 21209.68114757538,
  "EXT_SOURCE_2": 54539.77089595795,
  "EXT_SOURCE_3": 66683.63174438477,
  "APARTMENTS_AVG": 844.3398399353027,
  "BASEMENTAREA_AVG": 1066.1044130325317,
  "YEARS_BEGINEXPLUATATION_AVG": 789.1976337432861,
  "YEARS_BUILD_AVG": 737.2938351631165,
  "COMMONAREA_AVG": 772.3961663246155,
  "ELEVATORS_AVG": 220.00515031814575,
  "ENTRANCES_AVG": 622.798421382904,
  "FLOORSMAX_AVG": 404.3140072822571,
  "FLOORSMIN_AVG": 369.9028844833374,
  "LANDAREA_AVG": 1105.3734893798828,
  "LIVINGAPARTMENTS_AVG": 616.8294653892517,
  "LIVINGAREA_AVG": 635.0407719612122,
  "NONLIVINGAPARTMENTS_AVG": 240.84731674194336,
  "NONLIVINGAREA_AVG": 679.2070789337158,
  "APARTMENTS_MODE": 763.3725633621216,
  "BASEMENTAREA_MODE": 564.1399812698364,
  "YEARS_BEGINEXPLUATATION_MODE": 689.4494395256042,
  "YEARS_BUILD_MODE": 428.6935591697693,
  "COMMONAREA_MODE": 786.9347994327545,
  "ELEVATORS_MODE": 133.53478908538818,
  "ENTRANCES_MODE": 352.87978076934814,
  "FLOORSMAX_MODE": 163.72753810882568,
  "FLOORSMIN_MODE": 251.21678018569946,
  "LANDAREA_MODE": 785.94975233078,
  "LIVINGAPARTMENTS_MODE": 616.8173937797546,
  "LIVINGAREA_MODE": 686.252091884613,
  "NONLIVINGAPARTMENTS_MODE": 275.98596000671387,
  "NONLIVINGAREA_MODE": 657.5823183059692,
  "APARTMENTS_MEDI": 369.2054224014282,
  "BASEMENTAREA_MEDI": 552.6653299331665,
  "YEARS_BEGINEXPLUATATION_MEDI": 555.7642016410828,
  "YEARS_BUILD_MEDI": 84.96906089782715,
  "COMMONAREA_MEDI": 242.31322956085205,
  "ELEVATORS_MEDI": 91.3303394317627,
  "ENTRANCES_MEDI": 195.19510793685913,
  "FLOORSMAX_MEDI": 20.504289627075195,
  "FLOORSMIN_MEDI": 21.169010162353516,
  "LANDAREA_MEDI": 429.2972583770752,
  "LIVINGAPARTMENTS_MEDI": 368.3671169281006,
  "LIVINGAREA_MEDI": 716.3169922828674,
  "NONLIVINGAPARTMENTS_MEDI": 39.81570053100586,
  "NONLIVINGAREA_MEDI": 384.90237379074097,
  "FONDKAPREMONT_MODE": 46.82616996765137,
  "HOUSETYPE_MODE": 85.61329078674316,
  "TOTALAREA_MODE": 1556.2631311416626,
  "WALLSMATERIAL_MODE": 327.9221787452698,
  "EMERGENCYSTATE_MODE": 0.0,
  "OBS_30_CNT_SOCIAL_CIRCLE": 597.9147129058838,
  "DEF_30_CNT_SOCIAL_CIRCLE": 1229.2052540779114,
  "OBS_60_CNT_SOCIAL_CIRCLE": 505.53296089172363,
  "DEF_60_CNT_SOCIAL_CIRCLE": 997.9781584739685,
  "DAYS_LAST_PHONE_CHANGE": 3980.1235885620117,
  "FLAG_DOCUMENT_2": 0.0,
  "FLAG_DOCUMENT_3": 1789.9537916183472,
  "FLAG_DOCUMENT_4": 0.0,
  "FLAG_DOCUMENT_5": 9.408379554748535,
  "FLAG_DOCUMENT_6": 43.615960121154785,
  "FLAG_DOCUMENT_7": 0.0,
  "FLAG_DOCUMENT_8": 91.8182692527771,
  "FLAG_DOCUMENT_9": 0.0,
  "FLAG_DOCUMENT_10": 0.0,
  "FLAG_DOCUMENT_11": 38.0159797668457,
  "FLAG_DOCUMENT_12": 0.0,
  "FLAG_DOCUMENT_13": 94.51703882217407,
  "FLAG_DOCUMENT_14": 63.890339374542236,
  "FLAG_DOCUMENT_15": 20.20101022720337,
  "FLAG_DOCUMENT_16": 237.36163997650146,
  "FLAG_DOCUMENT_17": 0.0,
  "FLAG_DOCUMENT_18": 231.24074840545654,
  "FLAG_DOCUMENT_19": 0.0,
  "FLAG_DOCUMENT_20": 0.0,
  "FLAG_DOCUMENT_21": 16.74722957611084,
  "AMT_REQ_CREDIT_BUREAU_HOUR": 15.72719955444336,
  "AMT_REQ_CREDIT_BUREAU_DAY": 213.85026168823242,
  "AMT_REQ_CREDIT_BUREAU_WEEK": 160.35668849945068,
  "AMT_REQ_CREDIT_BUREAU_MON": 268.65411138534546,
  "AMT_REQ_CREDIT_BUREAU_QRT": 1200.163580417633,
  "AMT_REQ_CREDIT_BUREAU_YEAR": 1726.1029987335205
}