{
  "NAME_CONTRACT_TYPE": 1325.6463069915771,
  "CODE_GENDER": 4031.269769668579,
  "FLAG_OWN_CAR": 307.9738006591797,
  "FLAG_OWN_REALTY": 134.41425037384033,
  "CNT_CHILDREN": 82.87769889831543,
  "AMT_INCOME_TOTAL": 1588.429542541504,
  "AMT_CREDIT": 8175.0060567855835,
  "AMT_ANNUITY": 6277.63166809082,
  "AMT_GOODS_PRICE": 6722.350633621216,
  "NAME_TYPE_SUITE": 122.03462934494019,
  "NAME_INCOME_TYPE": 511.092490196228,
  "NAME_EDUCATION_TYPE": 3461.2744846343994,
  "NAME_FAMILY_STATUS": 1065.7169923782349,
  "NAME_HOUSING_TYPE": 202.79618644714355,
  "REGION_POPULATION_RELATIVE": 1057.39879322052,
  "DAYS_BIRTH": 6538.4673500061035,
  "DAYS_EMPLOYED": 4585.986207008362,
  "DAYS_REGISTRATION": 2494.1665024757385,
  "DAYS_ID_PUBLISH": 3680.5938806533813,
  "OWN_CAR_AGE": 3102.9540910720825,
  "FLAG_MOBIL": 0.0,
  "FLAG_EMP_PHONE": 38.76690101623535,
  "FLAG_WORK_PHONE": 500.60818910598755,
  "FLAG_CONT_MOBILE": 28.534799575805664,
  "FLAG_PHONE": 237.7387809753418,
  "FLAG_EMAIL": 48.82069969177246,
  "OCCUPATION_TYPE": 5185.19109916687,
  "CNT_FAM_MEMBERS": 192.54741954803467,
  "REGION_RATING_CLIENT": 128.61130046844482,
  "REGION_RATING_CLIENT_W_CITY": 1025.2657675743103,
  "WEEKDAY_APPR_PROCESS_START": 462.5560369491577,
  "HOUR_APPR_PROCESS_START": 506.5295033454895,
  "REG_REGION_NOT_LIVE_REGION": 17.707000732421875,
  "REG_REGION_NOT_WORK_REGION": 17.320499420166016,
  "LIVE_REGION_NOT_WORK_REGION": 30.94909954071045,
  "REG_CITY_NOT_LIVE_CITY": 454.08657121658325,
  "REG_CITY_NOT_WORK_CITY": 75.9113883972168,
  "LIVE_CITY_NOT_WORK_CITY": 12.200200080871582,
  "ORGANIZATION_TYPE": 19936.477749824524,
  "EXT_SOURCE_1": 18941.60923433304,
  "EXT_SOURCE_2": 55072.76709318161,
  "EXT_SOURCE_3": 61670.24115180969,
  "APARTMENTS_AVG": 562.1446666717529,
  "BASEMENTAREA_AVG": 621.1245822906494,
  "YEARS_BEGINEXPLUATATION_AVG": 647.6685400009155,
  "YEARS_BUILD_AVG": 380.9551019668579,
  "COMMONAREA_AVG": 308.25979709625244,
  "ELEVATORS_AVG": 220.5666971206665,
  "ENTRANCES_AVG": 282.81089973449707,
  "FLOORSMAX_AVG": 466.15310192108154,
  "FLOORSMIN_AVG": 156.275071144104,
  "LANDAREA_AVG": 698.7153415679932,
  "LIVINGAPARTMENTS_AVG": 260.1147413253784,
  "LIVINGAREA_AVG": 537.561559677124,
  "NONLIVINGAPARTMENTS_AVG": 191.1035509109497,
  "NONLIVINGAREA_AVG": 361.0622892379761,
  "APARTMENTS_MODE": 849.1387486457825,
  "BASEMENTAREA_MODE": 301.8939962387085,
  "YEARS_BEGINEXPLUATATION_MODE": 426.5757989883423,
  "YEARS_BUILD_MODE": 252.35740280151367,
  "COMMONAREA_MODE": 274.7132978439331,
  "ELEVATORS_MODE": 17.620100021362305,
  "ENTRANCES_MODE": 103.9383602142334,
  "FLOORSMAX_MODE": 104.05009078979492,
  "FLOORSMIN_MODE": 56.47719955444336,
  "LANDAREA_MODE": 284.41489696502686,
  "LIVINGAPARTMENTS_MODE": 446.17522144317627,
  "LIVINGAREA_MODE": 371.4930486679077,
  "NONLIVINGAPARTMENTS_MODE": 194.30524158477783,
  "NONLIVINGAREA_MODE": 271.4442014694214,
  "APARTMENTS_MEDI": 297.19619846343994,
  "BASEMENTAREA_MEDI": 271.0069990158081,
  "YEARS_BEGINEXPLUATATION_MEDI": 465.5534996986389,
  "YEARS_BUILD_MEDI": 108.9205093383789,
  "COMMONAREA_MEDI": 164.79510021209717,
  "ELEVATORS_MEDI": 0.0,
  "ENTRANCES_MEDI": 97.21874237060547,
  "FLOORSMAX_MEDI": 9.968770027160645,
  "FLOORSMIN_MEDI": 32.084900856018066,
  "LANDAREA_MEDI": 193.53729915618896,
  "LIVINGAPARTMENTS_MEDI": 117.49320125579834,
  "LIVINGAREA_MEDI": 460.8406057357788,
  "NONLIVINGAPARTMENTS_MEDI": 72.49793910980225,
  "NONLIVINGAREA_MEDI": 170.60564136505127,
  "FONDKAPREMONT_MODE": 27.180140018463135,
  "HOUSETYPE_MODE": 26.925800323486328,
  "TOTALAREA_MODE": 665.2262229919434,
  "WALLSMATERIAL_MODE": 139.00169944763184,
  "EMERGENCYSTATE_MODE": 22.053499221801758,
  "OBS_30_CNT_SOCIAL_CIRCLE": 458.52489852905273,
  "DEF_30_CNT_SOCIAL_CIRCLE": 1493.6829414367676,
  "OBS_60_CNT_SOCIAL_CIRCLE": 335.56540966033936,
  "DEF_60_CNT_SOCIAL_CIRCLE": 631.3969964981079,
  "DAYS_LAST_PHONE_CHANGE": 2115.9938764572144,
  "FLAG_DOCUMENT_2": 0.0,
  "FLAG_DOCUMENT_3": 1792.0791554450989,
  "FLAG_DOCUMENT_4": 0.0,
  "FLAG_DOCUMENT_5": 0.0,
  "FLAG_DOCUMENT_6": 33.890899658203125,
  "FLAG_DOCUMENT_7": 0.0,
  "FLAG_DOCUMENT_8": 0.0,
  "FLAG_DOCUMENT_9": 0.0,
  "FLAG_DOCUMENT_10": 0.0,
  "FLAG_DOCUMENT_11": 16.354799270629883,
  "FLAG_DOCUMENT_12": 0.0,
  "FLAG_DOCUMENT_13": 146.18220043182373,
  "FLAG_DOCUMENT_14": 0.0,
  "FLAG_DOCUMENT_15": 17.085180282592773,
  "FLAG_DOCUMENT_16": 199.21263980865479,
  "FLAG_DOCUMENT_17": 0.0,
  "FLAG_DOCUMENT_18": 172.20339822769165,
  "FLAG_DOCUMENT_19": 0.0,
  "FLAG_DOCUMENT_20": 0.0,
  "FLAG_DOCUMENT_21": 0.0,
  "AMT_REQ_CREDIT_BUREAU_HOUR": 0.0,
  "AMT_REQ_CREDIT_BUREAU_DAY": 90.13299942016602,
  "AMT_REQ_CREDIT_BUREAU_WEEK": 13.087599754333496,
  "AMT_REQ_CREDIT_BUREAU_MON": 220.851149559021,
  "AMT_REQ_CREDIT_BUREAU_QRT": 800.3606820106506,
  "AMT_REQ_CREDIT_BUREAU_YEAR": 1113.4756174087524
}