{
  "NAME_CONTRACT_TYPE": 1284.0582084655762,
  "CODE_GENDER": 3874.335962295532,
  "FLAG_OWN_CAR": 117.97271823883057,
  "FLAG_OWN_REALTY": 165.1918807029724,
  "CNT_CHILDREN": 229.07375049591064,
  "AMT_INCOME_TOTAL": 2624.5790803432465,
  "AMT_CREDIT": 7969.344388961792,
  "AMT_ANNUITY": 6859.754814863205,
  "AMT_GOODS_PRICE": 6729.398116827011,
  "NAME_TYPE_SUITE": 79.24369049072266,
  "NAME_INCOME_TYPE": 593.7590248584747,
  "NAME_EDUCATION_TYPE": 4099.190390586853,
  "NAME_FAMILY_STATUS": 1361.0255966186523,
  "NAME_HOUSING_TYPE": 313.86436128616333,
  "REGION_POPULATION_RELATIVE": 2329.580233812332,
  "DAYS_BIRTH": 7556.292782306671,
  "DAYS_EMPLOYED": 6301.294472694397,
  "DAYS_REGISTRATION": 3960.737134695053,
  "DAYS_ID_PUBLISH": 5394.388662338257,
  "OWN_CAR_AGE": 5212.724771976471,
  "FLAG_MOBIL": 0.0,
  "FLAG_EMP_PHONE": 0.0,
  "FLAG_WORK_PHONE": 435.28644156455994,
  "FLAG_CONT_MOBILE": 0.0,
  "FLAG_PHONE": 121.5441792011261,
  "FLAG_EMAIL": 27.36262035369873,
  "OCCUPATION_TYPE": 6514.236039161682,
  "CNT_FAM_MEMBERS": 496.81313133239746,
  "REGION_RATING_CLIENT": 178.7099905014038,
  "REGION_RATING_CLIENT_W_CITY": 1230.8735208511353,
  "WEEKDAY_APPR_PROCESS_START": 534.8895671367645,
  "HOUR_APPR_PROCESS_START": 1334.6895399093628,
  "REG_REGION_NOT_LIVE_REGION": 14.10669994354248,
  "REG_REGION_NOT_WORK_REGION": 55.76093864440918,
  "LIVE_REGION_NOT_WORK_REGION": 114.37205982208252,
  "REG_CITY_NOT_LIVE_CITY": 544.1637489795685,
  "REG_CITY_NOT_WORK_CITY": 125.38384246826172,
  "LIVE_CITY_NOT_WORK_CITY": 70.74514961242676,
  "ORGANIZATION_TYPE": 26142.766292095184,
  "EXT_SOURCE_1": 21607.234695911407,
  "EXT_SOURCE_2": 55415.75133252144,
  "EXT_SOURCE_3": 67289.22222018242,
  "APARTMENTS_AVG": 818.3308568000793,
  "BASEMENTAREA_AVG": 946.3689222335815,
  "YEARS_BEGINEXPLUATATION_AVG": 1071.5984768867493,
  "YEARS_BUILD_AVG": 546.4437003135681,
  "COMMONAREA_AVG": 812.2941699028015,
  "ELEVATORS_AVG": 331.91656970977783,
  "ENTRANCES_AVG": 547.3432941436768,
  "FLOORSMAX_AVG": 343.8632278442383,
  "FLOORSMIN_AVG": 348.86127948760986,
  "LANDAREA_AVG": 1416.2924342155457,
  "LIVINGAPARTMENTS_AVG": 899.9494199752808,
  "LIVINGAREA_AVG": 883.7067441940308,
  "NONLIVINGAPARTMENTS_AVG": 337.6876573562622,
  "NONLIVINGAREA_AVG": 996.346673488617,
  "APARTMENTS_MODE": 766.5828318595886,
  "BASEMENTAREA_MODE": 837.7203874588013,
  "YEARS_BEGINEXPLUATATION_MODE": 830.8248724937439,
  "YEARS_BUILD_MODE": 533.073525428772,
  "COMMONAREA_MODE": 644.0103988647461,
  "ELEVATORS_MODE": 137.18013191223145,
  "ENTRANCES_MODE": 279.4325923919678,
  "FLOORSMAX_MODE": 212.83952045440674,
  "FLOORSMIN_MODE": 247.71558046340942,
  "LANDAREA_MODE": 1008.9995646476746,
  "LIVINGAPARTMENTS_MODE": 656.2817983627319,
  "LIVINGAREA_MODE": 951.2661030292511,
  "NONLIVINGAPARTMENTS_MODE": 383.7628102302551,
  "NONLIVINGAREA_MODE": 759.9645490646362,
  "APARTMENTS_MEDI": 560.4806911945343,
  "BASEMENTAREA_MEDI": 359.04127955436707,
  "YEARS_BEGINEXPLUATATION_MEDI": 537.2508826255798,
  "YEARS_BUILD_MEDI": 209.46920013427734,
  "COMMONAREA_MEDI": 366.23602199554443,
  "ELEVATORS_MEDI": 158.41671133041382,
  "ENTRANCES_MEDI": 132.63055849075317,
  "FLOORSMAX_MEDI": 294.67019844055176,
  "FLOORSMIN_MEDI": 105.44629907608032,
  "LANDAREA_MEDI": 462.5348734855652,
  "LIVINGAPARTMENTS_MEDI": 264.1845507621765,
  "LIVINGAREA_MEDI": 515.9534702301025,
  "NONLIVINGAPARTMENTS_MEDI": 99.93253087997437,
  "NONLIVINGAREA_MEDI": 513.0721225738525,
  "FONDKAPREMONT_MODE": 14.937700271606445,
  "HOUSETYPE_MODE": 109.51891040802002,
  "TOTALAREA_MODE": 1664.7437114715576,
  "WALLSMATERIAL_MODE": 403.80810928344727,
  "EMERGENCYSTATE_MODE": 8.868240356445312,
  "OBS_30_CNT_SOCIAL_CIRCLE": 561.5023684501648,
  "DEF_30_CNT_SOCIAL_CIRCLE": 1145.6664843559265,
  "OBS_60_CNT_SOCIAL_CIRCLE": 610.6774616241455,
  "DEF_60_CNT_SOCIAL_CIRCLE": 766.4356627464294,
  "DAYS_LAST_PHONE_CHANGE": 3081.1447174549103,
  "FLAG_DOCUMENT_2": 0.0,
  "FLAG_DOCUMENT_3": 1801.8707270622253,
  "FLAG_DOCUMENT_4": 0.0,
  "FLAG_DOCUMENT_5": 49.252830028533936,
  "FLAG_DOCUMENT_6": 21.027440071105957,
  "FLAG_DOCUMENT_7": 0.0,
  "FLAG_DOCUMENT_8": 47.416240215301514,
  "FLAG_DOCUMENT_9": 0.0,
  "FLAG_DOCUMENT_10": 0.0,
  "FLAG_DOCUMENT_11": 93.31869983673096,
  "FLAG_DOCUMENT_12": 0.0,
  "FLAG_DOCUMENT_13": 91.17758989334106,
  "FLAG_DOCUMENT_14": 56.47898054122925,
  "FLAG_DOCUMENT_15": 0.0,
  "FLAG_DOCUMENT_16": 284.93709993362427,
  "FLAG_DOCUMENT_17": 0.0,
  "FLAG_DOCUMENT_18": 179.5384006500244,
  "FLAG_DOCUMENT_19": 0.0,
  "FLAG_DOCUMENT_20": 0.0,
  "FLAG_DOCUMENT_21": 45.61199951171875,
  "AMT_REQ_CREDIT_BUREAU_HOUR": 67.76516056060791,
  "AMT_REQ_CREDIT_BUREAU_DAY": 108.69762992858887,
  "AMT_REQ_CREDIT_BUREAU_WEEK": 198.30937099456787,
  "AMT_REQ_CREDIT_BUREAU_MON": 411.9399502277374,
  "AMT_REQ_CREDIT_BUREAU_QRT": 1095.4705040454865,
  "AMT_REQ_CREDIT_BUREAU_YEAR": 1445.2882106304169,
  "MONTHS_BALANCE_mean": 3388.1112926006317,
  "MONTHS_BALANCE_std": 6432.8623032569885,
  "MONTHS_BALANCE_min": 3083.570535182953,
  "MONTHS_BALANCE_max": 2834.5147058963776,
  "CNT_INSTALMENT_mean": 1879.2480161190033,
  "CNT_INSTALMENT_std": 2290.1338305473328,
  "CNT_INSTALMENT_min": 1268.4628076553345,
  "CNT_INSTALMENT_max": 682.3361811637878,
  "CNT_INSTALMENT_FUTURE_mean": 6939.112370967865,
  "CNT_INSTALMENT_FUTURE_std": 4930.907769680023,
  "CNT_INSTALMENT_FUTURE_min": 568.6707277297974,
  "CNT_INSTALMENT_FUTURE_max": 445.05434131622314,
  "SK_DPD_mean": 1545.2276668548584,
  "SK_DPD_std": 1233.546531677246,
  "SK_DPD_min": 61.62533974647522,
  "SK_DPD_max": 818.4907693862915,
  "SK_DPD_DEF_mean": 4026.756498336792,
  "SK_DPD_DEF_std": 2053.9170475006104,
  "SK_DPD_DEF_min": 0.0,
  "SK_DPD_DEF_max": 690.8994388580322,
  "NAME_CONTRACT_STATUS_Active_mean": 1652.8226208686829,
  "NAME_CONTRACT_STATUS_Amortized_debt_mean": 0.0,
  "NAME_CONTRACT_STATUS_Approved_mean": 139.52997970581055,
  "NAME_CONTRACT_STATUS_Canceled_mean": 0.0,
  "NAME_CONTRACT_STATUS_Completed_mean": 1651.1123614311218,
  "NAME_CONTRACT_STATUS_Demand_mean": 136.72074031829834,
  "NAME_CONTRACT_STATUS_Returned_to_the_store_mean": 529.1406164169312,
  "NAME_CONTRACT_STATUS_Signed_mean": 1202.9550189971924,
  "NAME_CONTRACT_STATUS_XNA_mean": 0.0,
  "NAME_CONTRACT_STATUS_nan_mean": 0.0,
  "SK_ID_PREV_count": 3158.7669773101807,
  "SK_ID_PREV_nunique": 1575.620879650116
}