{
  "NAME_CONTRACT_TYPE": 1621.6606526374817,
  "CODE_GENDER": 3047.1903138160706,
  "FLAG_OWN_CAR": 45.45160102844238,
  "FLAG_OWN_REALTY": 200.93221282958984,
  "CNT_CHILDREN": 188.44066953659058,
  "AMT_INCOME_TOTAL": 1302.6554322242737,
  "AMT_CREDIT": 4720.987983226776,
  "AMT_ANNUITY": 4865.89198923111,
  "AMT_GOODS_PRICE": 4802.681254863739,
  "NAME_TYPE_SUITE": 58.814629554748535,
  "NAME_INCOME_TYPE": 318.73093366622925,
  "NAME_EDUCATION_TYPE": 3445.6099100112915,
  "NAME_FAMILY_STATUS": 1516.14457654953,
  "NAME_HOUSING_TYPE": 272.7358908653259,
  "REGION_POPULATION_RELATIVE": 1757.5296921730042,
  "DAYS_BIRTH": 6815.970946788788,
  "DAYS_EMPLOYED": 4394.837611675262,
  "DAYS_REGISTRATION": 2994.636465549469,
  "DAYS_ID_PUBLISH": 4487.554267406464,
  "OWN_CAR_AGE": 4427.129774570465,
  "FLAG_MOBIL": 0.0,
  "FLAG_EMP_PHONE": 21.06279945373535,
  "FLAG_WORK_PHONE": 625.7959837913513,
  "FLAG_CONT_MOBILE": 0.0,
  "FLAG_PHONE": 129.45450019836426,
  "FLAG_EMAIL": 47.03335952758789,
  "OCCUPATION_TYPE": 4161.136283397675,
  "CNT_FAM_MEMBERS": 157.08081722259521,
  "REGION_RATING_CLIENT": 105.65546131134033,
  "REGION_RATING_CLIENT_W_CITY": 1010.1686601638794,
  "WEEKDAY_APPR_PROCESS_START": 365.61263132095337,
  "HOUR_APPR_PROCESS_START": 1026.3389701843262,
  "REG_REGION_NOT_LIVE_REGION": 7.405020236968994,
  "REG_REGION_NOT_WORK_REGION": 13.727999687194824,
  "LIVE_REGION_NOT_WORK_REGION": 16.886699676513672,
  "REG_CITY_NOT_LIVE_CITY": 413.03731966018677,
  "REG_CITY_NOT_WORK_CITY": 28.616990089416504,
  "LIVE_CITY_NOT_WORK_CITY": 45.58315992355347,
  "ORGANIZATION_TYPE": 19927.248752593994,
  "EXT_SOURCE_1": 5698.881846904755,
  "EXT_SOURCE_2": 2587.8584084510803,
  "EXT_SOURCE_3": 10565.322093486786,
  "APARTMENTS_AVG": 851.595477104187,
  "BASEMENTAREA_AVG": 805.2047328948975,
  "YEARS_BEGINEXPLUATATION_AVG": 904.5826816558838,
  "YEARS_BUILD_AVG": 626.1738076210022,
  "COMMONAREA_AVG": 657.705970287323,
  "ELEVATORS_AVG": 292.29096031188965,
  "ENTRANCES_AVG": 430.86429929733276,
  "FLOORSMAX_AVG": 632.8090677261353,
  "FLOORSMIN_AVG": 489.0117201805115,
  "LANDAREA_AVG": 976.2268538475037,
  "LIVINGAPARTMENTS_AVG": 537.1109223365784,
  "LIVINGAREA_AVG": 772.2374200820923,
  "NONLIVINGAPARTMENTS_AVG": 257.82430934906006,
  "NONLIVINGAREA_AVG": 673.6948666572571,
  "APARTMENTS_MODE": 636.2549872398376,
  "BASEMENTAREA_MODE": 651.698335647583,
  "YEARS_BEGINEXPLUATATION_MODE": 567.7263498306274,
  "YEARS_BUILD_MODE": 245.23311853408813,
  "COMMONAREA_MODE": 541.8295211791992,
  "ELEVATORS_MODE": 181.65072202682495,
  "ENTRANCES_MODE": 364.48219776153564,
  "FLOORSMAX_MODE": 56.418139934539795,
  "FLOORSMIN_MODE": 88.8754014968872,
  "LANDAREA_MODE": 564.1190552711487,
  "LIVINGAPARTMENTS_MODE": 692.5918216705322,
  "LIVINGAREA_MODE": 550.344069480896,
  "NONLIVINGAPARTMENTS_MODE": 285.8821086883545,
  "NONLIVINGAREA_MODE": 612.0444869995117,
  "APARTMENTS_MEDI": 482.29078006744385,
  "BASEMENTAREA_MEDI": 372.58880281448364,
  "YEARS_BEGINEXPLUATATION_MEDI": 305.29670000076294,
  "YEARS_BUILD_MEDI": 176.2931318283081,
  "COMMONAREA_MEDI": 292.85310983657837,
  "ELEVATORS_MEDI": 133.82560062408447,
  "ENTRANCES_MEDI": 88.42804145812988,
  "FLOORSMAX_MEDI": 75.43669891357422,
  "FLOORSMIN_MEDI": 58.32925987243652,
  "LANDAREA_MEDI": 400.63741970062256,
  "LIVINGAPARTMENTS_MEDI": 199.29724979400635,
  "LIVINGAREA_MEDI": 499.548677444458,
  "NONLIVINGAPARTMENTS_MEDI": 103.84519958496094,
  "NONLIVINGAREA_MEDI": 260.0214533805847,
  "FONDKAPREMONT_MODE": 39.256629943847656,
  "HOUSETYPE_MODE": 34.32260036468506,
  "TOTALAREA_MODE": 1229.7441697120667,
  "WALLSMATERIAL_MODE": 197.1834282875061,
  "EMERGENCYSTATE_MODE": 42.19890022277832,
  "OBS_30_CNT_SOCIAL_CIRCLE": 690.8229684829712,
  "DEF_30_CNT_SOCIAL_CIRCLE": 1284.8617534637451,
  "OBS_60_CNT_SOCIAL_CIRCLE": 214.7277693748474,
  "DEF_60_CNT_SOCIAL_CIRCLE": 601.4041681289673,
  "DAYS_LAST_PHONE_CHANGE": 2478.1632027626038,
  "FLAG_DOCUMENT_2": 0.0,
  "FLAG_DOCUMENT_3": 1802.2633891105652,
  "FLAG_DOCUMENT_4": 0.0,
  "FLAG_DOCUMENT_5": 51.975178718566895,
  "FLAG_DOCUMENT_6": 34.90620040893555,
  "FLAG_DOCUMENT_7": 0.0,
  "FLAG_DOCUMENT_8": 61.56716871261597,
  "FLAG_DOCUMENT_9": 9.231849670410156,
  "FLAG_DOCUMENT_10": 0.0,
  "FLAG_DOCUMENT_11": 11.021499633789062,
  "FLAG_DOCUMENT_12": 0.0,
  "FLAG_DOCUMENT_13": 37.6108603477478,
  "FLAG_DOCUMENT_14": 0.0,
  "FLAG_DOCUMENT_15": 7.189879894256592,
  "FLAG_DOCUMENT_16": 81.71316957473755,
  "FLAG_DOCUMENT_17": 0.0,
  "FLAG_DOCUMENT_18": 151.84541082382202,
  "FLAG_DOCUMENT_19": 0.0,
  "FLAG_DOCUMENT_20": 0.0,
  "FLAG_DOCUMENT_21": 10.30780029296875,
  "AMT_REQ_CREDIT_BUREAU_HOUR": 23.593000411987305,
  "AMT_REQ_CREDIT_BUREAU_DAY": 40.49650001525879,
  "AMT_REQ_CREDIT_BUREAU_WEEK": 327.37438678741455,
  "AMT_REQ_CREDIT_BUREAU_MON": 302.6280732154846,
  "AMT_REQ_CREDIT_BUREAU_QRT": 961.231409072876,
  "AMT_REQ_CREDIT_BUREAU_YEAR": 1395.8542337417603,
  "INCOME_div_PERSON": 1918.142327785492,
  "INCOME_div_EMPLOYED": 2726.666443824768,
  "EXT_SOURCE_mean": 113781.87157726288,
  "EXT_SOURCE_max": 3879.006576538086,
  "EXT_SOURCE_min": 6953.720694541931,
  "EXT_SOURCE_std": 3687.1018242836,
  "EXT_SOURCE_count": 435.6923666000366,
  "DAYS_EMPLOYED_div_BIRTH": 4077.22292470932,
  "ANNUITY_div_INCOME": 3457.903878211975,
  "ANNUITY_div_CREDIT": 22063.262442588806
}