{
  "NAME_CONTRACT_TYPE": 1835.415732383728,
  "CODE_GENDER": 2878.187259197235,
  "FLAG_OWN_CAR": 22.225729942321777,
  "FLAG_OWN_REALTY": 366.3544383049011,
  "CNT_CHILDREN": 217.2025604248047,
  "AMT_INCOME_TOTAL": 2594.658479452133,
  "AMT_CREDIT": 6122.617253065109,
  "AMT_ANNUITY": 6398.606006860733,
  "AMT_GOODS_PRICE": 6099.25253534317,
  "NAME_TYPE_SUITE": 78.68552947044373,
  "NAME_INCOME_TYPE": 380.2060213088989,
  "NAME_EDUCATION_TYPE": 3669.3224515914917,
  "NAME_FAMILY_STATUS": 1396.1377291679382,
  "NAME_HOUSING_TYPE": 303.1270112991333,
  "REGION_POPULATION_RELATIVE": 3147.774672985077,
  "DAYS_BIRTH": 8923.64927649498,
  "DAYS_EMPLOYED": 6466.589892148972,
  "DAYS_REGISTRATION": 5069.7921714782715,
  "DAYS_ID_PUBLISH": 6618.203404903412,
  "OWN_CAR_AGE": 5750.5213758945465,
  "FLAG_MOBIL": 0.0,
  "FLAG_EMP_PHONE": 0.0,
  "FLAG_WORK_PHONE": 503.8836908340454,
  "FLAG_CONT_MOBILE": 0.0,
  "FLAG_PHONE": 256.92996883392334,
  "FLAG_EMAIL": 131.4947099685669,
  "OCCUPATION_TYPE": 5086.730522632599,
  "CNT_FAM_MEMBERS": 564.8025088310242,
  "REGION_RATING_CLIENT": 362.51649951934814,
  "REGION_RATING_CLIENT_W_CITY": 1060.2941253185272,
  "WEEKDAY_APPR_PROCESS_START": 732.3238875865936,
  "HOUR_APPR_PROCESS_START": 2038.3881061077118,
  "REG_REGION_NOT_LIVE_REGION": 29.27726984024048,
  "REG_REGION_NOT_WORK_REGION": 119.60779857635498,
  "LIVE_REGION_NOT_WORK_REGION": 90.00814008712769,
  "REG_CITY_NOT_LIVE_CITY": 621.842621088028,
  "REG_CITY_NOT_WORK_CITY": 120.18493938446045,
  "LIVE_CITY_NOT_WORK_CITY": 64.28233861923218,
  "ORGANIZATION_TYPE": 24696.481612205505,
  "EXT_SOURCE_1": 7840.050337553024,
  "EXT_SOURCE_2": 4575.613485574722,
  "EXT_SOURCE_3": 12977.237130641937,
  "APARTMENTS_AVG": 1270.249230146408,
  "BASEMENTAREA_AVG": 1466.898826599121,
  "YEARS_BEGINEXPLUATATION_AVG": 1466.2575941085815,
  "YEARS_BUILD_AVG": 1052.9061419963837,
  "COMMONAREA_AVG": 1266.7130393981934,
  "ELEVATORS_AVG": 479.5318384170532,
  "ENTRANCES_AVG": 850.1568689346313,
  "FLOORSMAX_AVG": 806.3365416526794,
  "FLOORSMIN_AVG": 657.1148076057434,
  "LANDAREA_AVG": 1701.3152029514313,
  "LIVINGAPARTMENTS_AVG": 882.7457225322723,
  "LIVINGAREA_AVG": 1421.4234309196472,
  "NONLIVINGAPARTMENTS_AVG": 573.7954978942871,
  "NONLIVINGAREA_AVG": 1034.7207880020142,
  "APARTMENTS_MODE": 1290.98756814003,
  "BASEMENTAREA_MODE": 1203.1106615066528,
  "YEARS_BEGINEXPLUATATION_MODE": 1066.4902667999268,
  "YEARS_BUILD_MODE": 689.0356140136719,
  "COMMONAREA_MODE": 1028.3152995109558,
  "ELEVATORS_MODE": 295.3373188972473,
  "ENTRANCES_MODE": 451.3288025856018,
  "FLOORSMAX_MODE": 402.5185980796814,
  "FLOORSMIN_MODE": 386.08644247055054,
  "LANDAREA_MODE": 1323.5388011932373,
  "LIVINGAPARTMENTS_MODE": 1167.4006929397583,
  "LIVINGAREA_MODE": 1602.8448271751404,
  "NONLIVINGAPARTMENTS_MODE": 512.8283400535583,
  "NONLIVINGAREA_MODE": 902.7473125457764,
  "APARTMENTS_MEDI": 546.4731743335724,
  "BASEMENTAREA_MEDI": 626.5294573307037,
  "YEARS_BEGINEXPLUATATION_MEDI": 758.9632277488708,
  "YEARS_BUILD_MEDI": 265.5407485961914,
  "COMMONAREA_MEDI": 619.1655592918396,
  "ELEVATORS_MEDI": 55.050471782684326,
  "ENTRANCES_MEDI": 244.02717113494873,
  "FLOORSMAX_MEDI": 196.30950260162354,
  "FLOORSMIN_MEDI": 102.36334991455078,
  "LANDAREA_MEDI": 574.8152594566345,
  "LIVINGAPARTMENTS_MEDI": 282.07061195373535,
  "LIVINGAREA_MEDI": 543.29381275177,
  "NONLIVINGAPARTMENTS_MEDI": 159.66232061386108,
  "NONLIVINGAREA_MEDI": 423.96192026138306,
  "FONDKAPREMONT_MODE": 2.6381399631500244,
  "HOUSETYPE_MODE": 90.64639043807983,
  "TOTALAREA_MODE": 2281.9977850914,
  "WALLSMATERIAL_MODE": 446.1937823295593,
  "EMERGENCYSTATE_MODE": 45.14124870300293,
  "OBS_30_CNT_SOCIAL_CIRCLE": 1233.6547274589539,
  "DEF_30_CNT_SOCIAL_CIRCLE": 1386.6880249977112,
  "OBS_60_CNT_SOCIAL_CIRCLE": 751.6535396575928,
  "DEF_60_CNT_SOCIAL_CIRCLE": 724.8630418777466,
  "DAYS_LAST_PHONE_CHANGE": 5334.329043388367,
  "FLAG_DOCUMENT_2": 0.0,
  "FLAG_DOCUMENT_3": 1379.4618170261383,
  "FLAG_DOCUMENT_4": 0.0,
  "FLAG_DOCUMENT_5": 35.27229976654053,
  "FLAG_DOCUMENT_6": 82.70970010757446,
  "FLAG_DOCUMENT_7": 0.0,
  "FLAG_DOCUMENT_8": 101.86600112915039,
  "FLAG_DOCUMENT_9": 23.712300300598145,
  "FLAG_DOCUMENT_10": 0.0,
  "FLAG_DOCUMENT_11": 39.53107929229736,
  "FLAG_DOCUMENT_12": 0.0,
  "FLAG_DOCUMENT_13": 76.47748970985413,
  "FLAG_DOCUMENT_14": 76.4167709350586,
  "FLAG_DOCUMENT_15": 3.6917500495910645,
  "FLAG_DOCUMENT_16": 210.1529324054718,
  "FLAG_DOCUMENT_17": 0.0,
  "FLAG_DOCUMENT_18": 47.76092004776001,
  "FLAG_DOCUMENT_19": 0.0,
  "FLAG_DOCUMENT_20": 0.0,
  "FLAG_DOCUMENT_21": 13.694089889526367,
  "AMT_REQ_CREDIT_BUREAU_HOUR": 291.5157985687256,
  "AMT_REQ_CREDIT_BUREAU_DAY": 196.72302055358887,
  "AMT_REQ_CREDIT_BUREAU_WEEK": 244.10903978347778,
  "AMT_REQ_CREDIT_BUREAU_MON": 520.3509182929993,
  "AMT_REQ_CREDIT_BUREAU_QRT": 1283.1962428092957,
  "AMT_REQ_CREDIT_BUREAU_YEAR": 2443.6074633598328,
  "INCOME_div_PERSON": 3524.7462561130524,
  "INCOME_div_EMPLOYED": 4170.346931934357,
  "EXT_SOURCE_mean": 115783.45904541016,
  "EXT_SOURCE_max": 5322.950336933136,
  "EXT_SOURCE_min": 8590.648421764374,
  "EXT_SOURCE_std": 7474.50603556633,
  "EXT_SOURCE_count": 437.75176191329956,
  "DAYS_EMPLOYED_div_BIRTH": 5473.699552059174,
  "ANNUITY_div_INCOME": 5661.899090766907,
  "ANNUITY_div_CREDIT": 25118.019859552383
}