{
  "NAME_CONTRACT_TYPE": 1060.9284734725952,
  "CODE_GENDER": 3489.0426349639893,
  "FLAG_OWN_CAR": 39.484798431396484,
  "FLAG_OWN_REALTY": 62.806480407714844,
  "CNT_CHILDREN": 144.91577911376953,
  "AMT_INCOME_TOTAL": 1831.0947751998901,
  "AMT_CREDIT": 6891.888001918793,
  "AMT_ANNUITY": 6256.7745885849,
  "AMT_GOODS_PRICE": 6701.452081203461,
  "NAME_TYPE_SUITE": 89.24279117584229,
  "NAME_INCOME_TYPE": 495.9062933921814,
  "NAME_EDUCATION_TYPE": 3709.8476696014404,
  "NAME_FAMILY_STATUS": 1255.7022438049316,
  "NAME_HOUSING_TYPE": 246.8695411682129,
  "REGION_POPULATION_RELATIVE": 1579.0521478652954,
  "DAYS_BIRTH": 7631.024480819702,
  "DAYS_EMPLOYED": 5728.7882471084595,
  "DAYS_REGISTRATION": 2601.9461760520935,
  "DAYS_ID_PUBLISH": 4105.575345516205,
  "OWN_CAR_AGE": 4045.187535762787,
  "FLAG_MOBIL": 0.0,
  "FLAG_EMP_PHONE": 0.0,
  "FLAG_WORK_PHONE": 585.3016481399536,
  "FLAG_CONT_MOBILE": 0.0,
  "FLAG_PHONE": 216.0581488609314,
  "FLAG_EMAIL": 17.34151029586792,
  "OCCUPATION_TYPE": 6438.6990575790405,
  "CNT_FAM_MEMBERS": 277.4702320098877,
  "REGION_RATING_CLIENT": 34.296799659729004,
  "REGION_RATING_CLIENT_W_CITY": 1172.5827136039734,
  "WEEKDAY_APPR_PROCESS_START": 336.9575695991516,
  "HOUR_APPR_PROCESS_START": 799.6413688659668,
  "REG_REGION_NOT_LIVE_REGION": 0.0,
  "REG_REGION_NOT_WORK_REGION": 34.12726974487305,
  "LIVE_REGION_NOT_WORK_REGION": 45.011619091033936,
  "REG_CITY_NOT_LIVE_CITY": 739.1929626464844,
  "REG_CITY_NOT_WORK_CITY": 89.34389925003052,
  "LIVE_CITY_NOT_WORK_CITY": 73.53200054168701,
  "ORGANIZATION_TYPE": 23160.850537776947,
  "EXT_SOURCE_1": 19298.27417755127,
  "EXT_SOURCE_2": 53868.589962005615,
  "EXT_SOURCE_3": 63777.256972789764,
  "APARTMENTS_AVG": 495.49273586273193,
  "BASEMENTAREA_AVG": 577.1514897346497,
  "YEARS_BEGINEXPLUATATION_AVG": 969.366952419281,
  "YEARS_BUILD_AVG": 322.112428188324,
  "COMMONAREA_AVG": 452.4419994354248,
  "ELEVATORS_AVG": 160.57467079162598,
  "ENTRANCES_AVG": 375.1945090293884,
  "FLOORSMAX_AVG": 523.7255501747131,
  "FLOORSMIN_AVG": 348.94053983688354,
  "LANDAREA_AVG": 733.091016292572,
  "LIVINGAPARTMENTS_AVG": 585.9234886169434,
  "LIVINGAREA_AVG": 739.8335852622986,
  "NONLIVINGAPARTMENTS_AVG": 353.2460479736328,
  "NONLIVINGAREA_AVG": 436.504065990448,
  "APARTMENTS_MODE": 903.8132905960083,
  "BASEMENTAREA_MODE": 582.6829714775085,
  "YEARS_BEGINEXPLUATATION_MODE": 525.7193622589111,
  "YEARS_BUILD_MODE": 212.9351191520691,
  "COMMONAREA_MODE": 506.91034030914307,
  "ELEVATORS_MODE": 63.91764974594116,
  "ENTRANCES_MODE": 325.4152612686157,
  "FLOORSMAX_MODE": 201.64712953567505,
  "FLOORSMIN_MODE": 98.79989004135132,
  "LANDAREA_MODE": 499.0682601928711,
  "LIVINGAPARTMENTS_MODE": 511.8061909675598,
  "LIVINGAREA_MODE": 592.6889457702637,
  "NONLIVINGAPARTMENTS_MODE": 255.07698249816895,
  "NONLIVINGAREA_MODE": 508.9182186126709,
  "APARTMENTS_MEDI": 230.61455917358398,
  "BASEMENTAREA_MEDI": 335.42761039733887,
  "YEARS_BEGINEXPLUATATION_MEDI": 499.80008125305176,
  "YEARS_BUILD_MEDI": 73.04016971588135,
  "COMMONAREA_MEDI": 154.47979831695557,
  "ELEVATORS_MEDI": 45.48729991912842,
  "ENTRANCES_MEDI": 64.62136936187744,
  "FLOORSMAX_MEDI": 53.145179748535156,
  "FLOORSMIN_MEDI": 0.0,
  "LANDAREA_MEDI": 207.33129930496216,
  "LIVINGAPARTMENTS_MEDI": 175.75589084625244,
  "LIVINGAREA_MEDI": 248.37642765045166,
  "NONLIVINGAPARTMENTS_MEDI": 105.96370124816895,
  "NONLIVINGAREA_MEDI": 353.86404037475586,
  "FONDKAPREMONT_MODE": 13.687299728393555,
  "HOUSETYPE_MODE": 113.21236991882324,
  "TOTALAREA_MODE": 1180.0558323860168,
  "WALLSMATERIAL_MODE": 394.1884055137634,
  "EMERGENCYSTATE_MODE": 10.393400192260742,
  "OBS_30_CNT_SOCIAL_CIRCLE": 496.27764987945557,
  "DEF_30_CNT_SOCIAL_CIRCLE": 983.025899887085,
  "OBS_60_CNT_SOCIAL_CIRCLE": 244.3400583267212,
  "DEF_60_CNT_SOCIAL_CIRCLE": 567.5210194587708,
  "DAYS_LAST_PHONE_CHANGE": 2455.5199666023254,
  "FLAG_DOCUMENT_2": 0.0,
  "FLAG_DOCUMENT_3": 1820.7047853469849,
  "FLAG_DOCUMENT_4": 0.0,
  "FLAG_DOCUMENT_5": 31.26375961303711,
  "FLAG_DOCUMENT_6": 16.40060043334961,
  "FLAG_DOCUMENT_7": 0.0,
  "FLAG_DOCUMENT_8": 7.685550212860107,
  "FLAG_DOCUMENT_9": 0.0,
  "FLAG_DOCUMENT_10": 0.0,
  "FLAG_DOCUMENT_11": 0.0,
  "FLAG_DOCUMENT_12": 0.0,
  "FLAG_DOCUMENT_13": 15.97698974609375,
  "FLAG_DOCUMENT_14": 14.097859859466553,
  "FLAG_DOCUMENT_15": 0.0,
  "FLAG_DOCUMENT_16": 211.60733938217163,
  "FLAG_DOCUMENT_17": 0.0,
  "FLAG_DOCUMENT_18": 351.9944591522217,
  "FLAG_DOCUMENT_19": 0.0,
  "FLAG_DOCUMENT_20": 0.0,
  "FLAG_DOCUMENT_21": 0.0,
  "AMT_REQ_CREDIT_BUREAU_HOUR": 120.97270107269287,
  "AMT_REQ_CREDIT_BUREAU_DAY": 126.52019691467285,
  "AMT_REQ_CREDIT_BUREAU_WEEK": 204.38253784179688,
  "AMT_REQ_CREDIT_BUREAU_MON": 213.70351219177246,
  "AMT_REQ_CREDIT_BUREAU_QRT": 1056.0840306282043,
  "AMT_REQ_CREDIT_BUREAU_YEAR": 1549.1286182403564,
  "MONTHS_BALANCE_mean": 2416.068712234497,
  "MONTHS_BALANCE_std": 5716.854932785034,
  "MONTHS_BALANCE_min": 2266.468900680542,
  "MONTHS_BALANCE_max": 2298.455509185791,
  "CNT_INSTALMENT_mean": 1771.7512850761414,
  "CNT_INSTALMENT_std": 1642.9688138961792,
  "CNT_INSTALMENT_min": 1077.26025056839,
  "CNT_INSTALMENT_max": 725.9153337478638,
  "CNT_INSTALMENT_FUTURE_mean": 5889.873599529266,
  "CNT_INSTALMENT_FUTURE_std": 4841.335833072662,
  "CNT_INSTALMENT_FUTURE_min": 430.18062114715576,
  "CNT_INSTALMENT_FUTURE_max": 364.0686979293823,
  "SK_DPD_mean": 1897.4557509422302,
  "SK_DPD_std": 1150.2236671447754,
  "SK_DPD_min": 4.440959930419922,
  "SK_DPD_max": 647.285412311554,
  "SK_DPD_DEF_mean": 2881.64816904068,
  "SK_DPD_DEF_std": 2095.4130086898804,
  "SK_DPD_DEF_min": 0.0,
  "SK_DPD_DEF_max": 823.6607666015625,
  "NAME_CONTRACT_STATUS_Active_mean": 1730.3138399124146,
  "NAME_CONTRACT_STATUS_Amortized_debt_mean": 0.0,
  "NAME_CONTRACT_STATUS_Approved_mean": 118.60038948059082,
  "NAME_CONTRACT_STATUS_Canceled_mean": 0.0,
  "NAME_CONTRACT_STATUS_Completed_mean": 1529.8590936660767,
  "NAME_CONTRACT_STATUS_Demand_mean": 68.37469959259033,
  "NAME_CONTRACT_STATUS_Returned_to_the_store_mean": 736.2908816337585,
  "NAME_CONTRACT_STATUS_Signed_mean": 925.5476551055908,
  "NAME_CONTRACT_STATUS_XNA_mean": 0.0,
  "NAME_CONTRACT_STATUS_nan_mean": 0.0,
  "SK_ID_PREV_count": 2960.7781534194946,
  "SK_ID_PREV_nunique": 1692.142789363861
}