{
  "NAME_CONTRACT_TYPE": 1690.8926630020142,
  "CODE_GENDER": 2651.5186767578125,
  "FLAG_OWN_CAR": 0.0,
  "FLAG_OWN_REALTY": 177.3422966003418,
  "CNT_CHILDREN": 113.5046272277832,
  "AMT_INCOME_TOTAL": 1034.915653705597,
  "AMT_CREDIT": 4428.461118221283,
  "AMT_ANNUITY": 4318.983567714691,
  "AMT_GOODS_PRICE": 4963.060503482819,
  "NAME_TYPE_SUITE": 71.01560115814209,
  "NAME_INCOME_TYPE": 236.3469090461731,
  "NAME_EDUCATION_TYPE": 3361.0759782791138,
  "NAME_FAMILY_STATUS": 1146.658263683319,
  "NAME_HOUSING_TYPE": 246.6607084274292,
  "REGION_POPULATION_RELATIVE": 1179.295087814331,
  "DAYS_BIRTH": 5549.479212284088,
  "DAYS_EMPLOYED": 4206.394926548004,
  "DAYS_REGISTRATION": 2089.430290222168,
  "DAYS_ID_PUBLISH": 3445.3485040664673,
  "OWN_CAR_AGE": 3704.3685269355774,
  "FLAG_MOBIL": 0.0,
  "FLAG_EMP_PHONE": 19.207599639892578,
  "FLAG_WORK_PHONE": 458.0374388694763,
  "FLAG_CONT_MOBILE": 0.0,
  "FLAG_PHONE": 75.45314979553223,
  "FLAG_EMAIL": 37.81060028076172,
  "OCCUPATION_TYPE": 4440.768808364868,
  "CNT_FAM_MEMBERS": 116.3867998123169,
  "REGION_RATING_CLIENT": 117.02890014648438,
  "REGION_RATING_CLIENT_W_CITY": 1066.2854614257812,
  "WEEKDAY_APPR_PROCESS_START": 386.28933811187744,
  "HOUR_APPR_PROCESS_START": 641.2242994308472,
  "REG_REGION_NOT_LIVE_REGION": 0.0,
  "REG_REGION_NOT_WORK_REGION": 0.0,
  "LIVE_REGION_NOT_WORK_REGION": 11.3233003616333,
  "REG_CITY_NOT_LIVE_CITY": 852.1061391830444,
  "REG_CITY_NOT_WORK_CITY": 78.3317985534668,
  "LIVE_CITY_NOT_WORK_CITY": 26.0068998336792,
  "ORGANIZATION_TYPE": 17918.138427734375,
  "EXT_SOURCE_1": 5140.510857105255,
  "EXT_SOURCE_2": 2322.1650977134705,
  "EXT_SOURCE_3": 9485.72509765625,
  "APARTMENTS_AVG": 312.5182418823242,
  "BASEMENTAREA_AVG": 394.4682469367981,
  "YEARS_BEGINEXPLUATATION_AVG": 508.4023218154907,
  "YEARS_BUILD_AVG": 312.71905422210693,
  "COMMONAREA_AVG": 413.36031913757324,
  "ELEVATORS_AVG": 155.17090940475464,
  "ENTRANCES_AVG": 416.9130711555481,
  "FLOORSMAX_AVG": 353.1987018585205,
  "FLOORSMIN_AVG": 278.74281883239746,
  "LANDAREA_AVG": 458.58050775527954,
  "LIVINGAPARTMENTS_AVG": 291.88462257385254,
  "LIVINGAREA_AVG": 672.4398956298828,
  "NONLIVINGAPARTMENTS_AVG": 231.405779838562,
  "NONLIVINGAREA_AVG": 348.12566804885864,
  "APARTMENTS_MODE": 485.78437900543213,
  "BASEMENTAREA_MODE": 354.7643003463745,
  "YEARS_BEGINEXPLUATATION_MODE": 476.1095781326294,
  "YEARS_BUILD_MODE": 201.5866413116455,
  "COMMONAREA_MODE": 374.4561629295349,
  "ELEVATORS_MODE": 80.20654058456421,
  "ENTRANCES_MODE": 193.1032009124756,
  "FLOORSMAX_MODE": 80.06656074523926,
  "FLOORSMIN_MODE": 138.46849918365479,
  "LANDAREA_MODE": 469.86295890808105,
  "LIVINGAPARTMENTS_MODE": 483.2410068511963,
  "LIVINGAREA_MODE": 465.9323139190674,
  "NONLIVINGAPARTMENTS_MODE": 125.29689884185791,
  "NONLIVINGAREA_MODE": 490.248498916626,
  "APARTMENTS_MEDI": 282.12894773483276,
  "BASEMENTAREA_MEDI": 277.393949508667,
  "YEARS_BEGINEXPLUATATION_MEDI": 410.276415348053,
  "YEARS_BUILD_MEDI": 93.95640087127686,
  "COMMONAREA_MEDI": 209.91839981079102,
  "ELEVATORS_MEDI": 30.124300956726074,
  "ENTRANCES_MEDI": 139.18809032440186,
  "FLOORSMAX_MEDI": 90.59689807891846,
  "FLOORSMIN_MEDI": 10.20110034942627,
  "LANDAREA_MEDI": 226.36301040649414,
  "LIVINGAPARTMENTS_MEDI": 194.84929943084717,
  "LIVINGAREA_MEDI": 497.7869997024536,
  "NONLIVINGAPARTMENTS_MEDI": 28.314001083374023,
  "NONLIVINGAREA_MEDI": 136.50747299194336,
  "FONDKAPREMONT_MODE": 18.754899978637695,
  "HOUSETYPE_MODE": 43.2455997467041,
  "TOTALAREA_MODE": 911.7077188491821,
  "WALLSMATERIAL_MODE": 306.7881426811218,
  "EMERGENCYSTATE_MODE": 11.299099922180176,
  "OBS_30_CNT_SOCIAL_CIRCLE": 426.03731536865234,
  "DEF_30_CNT_SOCIAL_CIRCLE": 1110.843267917633,
  "OBS_60_CNT_SOCIAL_CIRCLE": 218.6974811553955,
  "DEF_60_CNT_SOCIAL_CIRCLE": 717.6813340187073,
  "DAYS_LAST_PHONE_CHANGE": 2640.4997367858887,
  "FLAG_DOCUMENT_2": 0.0,
  "FLAG_DOCUMENT_3": 1440.476571559906,
  "FLAG_DOCUMENT_4": 0.0,
  "FLAG_DOCUMENT_5": 21.011199951171875,
  "FLAG_DOCUMENT_6": 73.89699935913086,
  "FLAG_DOCUMENT_7": 0.0,
  "FLAG_DOCUMENT_8": 67.57860088348389,
  "FLAG_DOCUMENT_9": 0.0,
  "FLAG_DOCUMENT_10": 0.0,
  "FLAG_DOCUMENT_11": 12.333700180053711,
  "FLAG_DOCUMENT_12": 0.0,
  "FLAG_DOCUMENT_13": 0.0,
  "FLAG_DOCUMENT_14": 0.0,
  "FLAG_DOCUMENT_15": 0.0,
  "FLAG_DOCUMENT_16": 91.37416076660156,
  "FLAG_DOCUMENT_17": 0.0,
  "FLAG_DOCUMENT_18": 109.99422979354858,
  "FLAG_DOCUMENT_19": 0.0,
  "FLAG_DOCUMENT_20": 0.0,
  "FLAG_DOCUMENT_21": 0.0,
  "AMT_REQ_CREDIT_BUREAU_HOUR": 118.81513690948486,
  "AMT_REQ_CREDIT_BUREAU_DAY": 183.05153942108154,
  "AMT_REQ_CREDIT_BUREAU_WEEK": 477.4011869430542,
  "AMT_REQ_CREDIT_BUREAU_MON": 188.57500171661377,
  "AMT_REQ_CREDIT_BUREAU_QRT": 1052.8480682373047,
  "AMT_REQ_CREDIT_BUREAU_YEAR": 1261.0038628578186,
  "INCOME_div_PERSON": 1519.6365070343018,
  "INCOME_div_EMPLOYED": 2034.0115232467651,
  "EXT_SOURCE_mean": 111975.80359554291,
  "EXT_SOURCE_max": 2894.3423533439636,
  "EXT_SOURCE_min": 6026.016352653503,
  "EXT_SOURCE_std": 3192.7610244750977,
  "EXT_SOURCE_count": 417.4382038116455,
  "DAYS_EMPLOYED_div_BIRTH": 3274.9864892959595,
  "ANNUITY_div_INCOME": 2632.0464458465576,
  "ANNUITY_div_CREDIT": 20159.31316614151
}