{
  "NAME_CONTRACT_TYPE": 1694.6625609397888,
  "CODE_GENDER": 3723.4002351760864,
  "FLAG_OWN_CAR": 44.35664081573486,
  "FLAG_OWN_REALTY": 319.912957906723,
  "CNT_CHILDREN": 341.0974807739258,
  "AMT_INCOME_TOTAL": 3131.897996902466,
  "AMT_CREDIT": 8991.865852832794,
  "AMT_ANNUITY": 7403.781707525253,
  "AMT_GOODS_PRICE": 7688.298250436783,
  "NAME_TYPE_SUITE": 111.42229056358337,
  "NAME_INCOME_TYPE": 526.5694828033447,
  "NAME_EDUCATION_TYPE": 4017.9812824726105,
  "NAME_FAMILY_STATUS": 1284.5964903831482,
  "NAME_HOUSING_TYPE": 395.1393599510193,
  "REGION_POPULATION_RELATIVE": 2875.8574588298798,
  "DAYS_BIRTH": 8570.756793737411,
  "DAYS_EMPLOYED": 7363.138066291809,
  "DAYS_REGISTRATION": 4310.145693063736,
  "DAYS_ID_PUBLISH": 5602.024520158768,
  "OWN_CAR_AGE": 5413.657911062241,
  "FLAG_MOBIL": 0.0,
  "FLAG_EMP_PHONE": 0.0,
  "FLAG_WORK_PHONE": 549.6377282142639,
  "FLAG_CONT_MOBILE": 0.0,
  "FLAG_PHONE": 202.59495854377747,
  "FLAG_EMAIL": 79.76507091522217,
  "OCCUPATION_TYPE": 6248.625176906586,
  "CNT_FAM_MEMBERS": 474.39270973205566,
  "REGION_RATING_CLIENT": 359.4568009376526,
  "REGION_RATING_CLIENT_W_CITY": 1198.8607087135315,
  "WEEKDAY_APPR_PROCESS_START": 676.6249799728394,
  "HOUR_APPR_PROCESS_START": 1587.9708654880524,
  "REG_REGION_NOT_LIVE_REGION": 36.422579765319824,
  "REG_REGION_NOT_WORK_REGION": 96.55228066444397,
  "LIVE_REGION_NOT_WORK_REGION": 16.543350219726562,
  "REG_CITY_NOT_LIVE_CITY": 632.3856108188629,
  "REG_CITY_NOT_WORK_CITY": 112.3124098777771,
  "LIVE_CITY_NOT_WORK_CITY": 137.21748876571655,
  "ORGANIZATION_TYPE": 23758.234594345093,
  "EXT_SOURCE_1": 22210.510513067245,
  "EXT_SOURCE_2": 55632.525184869766,
  "EXT_SOURCE_3": 69034.63102698326,
  "APARTMENTS_AVG": 982.1885280609131,
  "BASEMENTAREA_AVG": 1009.8433313369751,
  "YEARS_BEGINEXPLUATATION_AVG": 1148.768874168396,
  "YEARS_BUILD_AVG": 998.3832170963287,
  "COMMONAREA_AVG": 928.9107060432434,
  "ELEVATORS_AVG": 262.4610514640808,
  "ENTRANCES_AVG": 789.4691715240479,
  "FLOORSMAX_AVG": 513.0098633766174,
  "FLOORSMIN_AVG": 371.5962715148926,
  "LANDAREA_AVG": 1219.5491199493408,
  "LIVINGAPARTMENTS_AVG": 945.3586959838867,
  "LIVINGAREA_AVG": 1127.3038401603699,
  "NONLIVINGAPARTMENTS_AVG": 463.16733980178833,
  "NONLIVINGAREA_AVG": 1025.7691354751587,
  "APARTMENTS_MODE": 772.2911229133606,
  "BASEMENTAREA_MODE": 1044.3194308280945,
  "YEARS_BEGINEXPLUATATION_MODE": 766.7550010681152,
  "YEARS_BUILD_MODE": 581.054595708847,
  "COMMONAREA_MODE": 901.2177391052246,
  "ELEVATORS_MODE": 188.56921100616455,
  "ENTRANCES_MODE": 458.5921082496643,
  "FLOORSMAX_MODE": 226.95158052444458,
  "FLOORSMIN_MODE": 182.03648138046265,
  "LANDAREA_MODE": 1019.0282092094421,
  "LIVINGAPARTMENTS_MODE": 677.3364105224609,
  "LIVINGAREA_MODE": 1298.8442964553833,
  "NONLIVINGAPARTMENTS_MODE": 369.0349202156067,
  "NONLIVINGAREA_MODE": 730.2862269878387,
  "APARTMENTS_MEDI": 508.37487983703613,
  "BASEMENTAREA_MEDI": 650.096510887146,
  "YEARS_BEGINEXPLUATATION_MEDI": 721.8054194450378,
  "YEARS_BUILD_MEDI": 137.0747992992401,
  "COMMONAREA_MEDI": 362.8978679180145,
  "ELEVATORS_MEDI": 104.20089960098267,
  "ENTRANCES_MEDI": 187.06393003463745,
  "FLOORSMAX_MEDI": 221.72840309143066,
  "FLOORSMIN_MEDI": 98.14003014564514,
  "LANDAREA_MEDI": 503.45771980285645,
  "LIVINGAPARTMENTS_MEDI": 274.34317207336426,
  "LIVINGAREA_MEDI": 414.0706305503845,
  "NONLIVINGAPARTMENTS_MEDI": 157.7081594467163,
  "NONLIVINGAREA_MEDI": 486.8774652481079,
  "FONDKAPREMONT_MODE": 22.73692035675049,
  "HOUSETYPE_MODE": 33.90509080886841,
  "TOTALAREA_MODE": 2047.302761554718,
  "WALLSMATERIAL_MODE": 397.3575954437256,
  "EMERGENCYSTATE_MODE": 30.03318977355957,
  "OBS_30_CNT_SOCIAL_CIRCLE": 707.5913953781128,
  "DEF_30_CNT_SOCIAL_CIRCLE": 1231.7325806617737,
  "OBS_60_CNT_SOCIAL_CIRCLE": 560.479296207428,
  "DEF_60_CNT_SOCIAL_CIRCLE": 849.2748317718506,
  "DAYS_LAST_PHONE_CHANGE": 4230.189378261566,
  "FLAG_DOCUMENT_2": 0.0,
  "FLAG_DOCUMENT_3": 1762.0277395248413,
  "FLAG_DOCUMENT_4": 0.0,
  "FLAG_DOCUMENT_5": 103.66323900222778,
  "FLAG_DOCUMENT_6": 61.367990016937256,
  "FLAG_DOCUMENT_7": 0.0,
  "FLAG_DOCUMENT_8": 57.60726976394653,
  "FLAG_DOCUMENT_9": 8.392350196838379,
  "FLAG_DOCUMENT_10": 0.0,
  "FLAG_DOCUMENT_11": 72.41947984695435,
  "FLAG_DOCUMENT_12": 0.0,
  "FLAG_DOCUMENT_13": 122.6225597858429,
  "FLAG_DOCUMENT_14": 67.90088963508606,
  "FLAG_DOCUMENT_15": 0.0,
  "FLAG_DOCUMENT_16": 336.0730481147766,
  "FLAG_DOCUMENT_17": 0.0,
  "FLAG_DOCUMENT_18": 78.71287035942078,
  "FLAG_DOCUMENT_19": 0.0,
  "FLAG_DOCUMENT_20": 0.0,
  "FLAG_DOCUMENT_21": 11.500399589538574,
  "AMT_REQ_CREDIT_BUREAU_HOUR": 73.28569030761719,
  "AMT_REQ_CREDIT_BUREAU_DAY": 129.95431089401245,
  "AMT_REQ_CREDIT_BUREAU_WEEK": 246.61604738235474,
  "AMT_REQ_CREDIT_BUREAU_MON": 538.1406087875366,
  "AMT_REQ_CREDIT_BUREAU_QRT": 1334.4667539596558,
  "AMT_REQ_CREDIT_BUREAU_YEAR": 1997.1755485534668
}