{
  "NAME_CONTRACT_TYPE": 1084.4522943496704,
  "CODE_GENDER": 4264.517551422119,
  "FLAG_OWN_CAR": 179.36470413208008,
  "FLAG_OWN_REALTY": 115.92545938491821,
  "CNT_CHILDREN": 83.05123901367188,
  "AMT_INCOME_TOTAL": 1364.3592805862427,
  "AMT_CREDIT": 7412.302840709686,
  "AMT_ANNUITY": 6011.8849568367,
  "AMT_GOODS_PRICE": 6333.919812202454,
  "NAME_TYPE_SUITE": 95.65980863571167,
  "NAME_INCOME_TYPE": 581.0327072143555,
  "NAME_EDUCATION_TYPE": 3572.665782928467,
  "NAME_FAMILY_STATUS": 1247.7444295883179,
  "NAME_HOUSING_TYPE": 197.83876180648804,
  "REGION_POPULATION_RELATIVE": 1260.346911430359,
  "DAYS_BIRTH": 6572.870153427124,
  "DAYS_EMPLOYED": 4727.646424770355,
  "DAYS_REGISTRATION": 2089.6908173561096,
  "DAYS_ID_PUBLISH": 3712.7640252113342,
  "OWN_CAR_AGE": 3369.7642860412598,
  "FLAG_MOBIL": 0.0,
  "FLAG_EMP_PHONE": 0.0,
  "FLAG_WORK_PHONE": 436.0544533729553,
  "FLAG_CONT_MOBILE": 27.638500213623047,
  "FLAG_PHONE": 111.67495012283325,
  "FLAG_EMAIL": 14.18809986114502,
  "OCCUPATION_TYPE": 5155.612971305847,
  "CNT_FAM_MEMBERS": 247.99049854278564,
  "REGION_RATING_CLIENT": 148.70210075378418,
  "REGION_RATING_CLIENT_W_CITY": 935.5161828994751,
  "WEEKDAY_APPR_PROCESS_START": 549.1161003112793,
  "HOUR_APPR_PROCESS_START": 689.9945797920227,
  "REG_REGION_NOT_LIVE_REGION": 27.03238010406494,
  "REG_REGION_NOT_WORK_REGION": 41.8931999206543,
  "LIVE_REGION_NOT_WORK_REGION": 19.789309978485107,
  "REG_CITY_NOT_LIVE_CITY": 474.0173387527466,
  "REG_CITY_NOT_WORK_CITY": 74.22004795074463,
  "LIVE_CITY_NOT_WORK_CITY": 70.04477977752686,
  "ORGANIZATION_TYPE": 21090.991052627563,
  "EXT_SOURCE_1": 18922.58336019516,
  "EXT_SOURCE_2": 55424.134835243225,
  "EXT_SOURCE_3": 60283.20175695419,
  "APARTMENTS_AVG": 522.2534952163696,
  "BASEMENTAREA_AVG": 268.4032926559448,
  "YEARS_BEGINEXPLUATATION_AVG": 606.6534786224365,
  "YEARS_BUILD_AVG": 367.9863061904907,
  "COMMONAREA_AVG": 400.4400157928467,
  "ELEVATORS_AVG": 156.55319786071777,
  "ENTRANCES_AVG": 410.28625869750977,
  "FLOORSMAX_AVG": 415.5718994140625,
  "FLOORSMIN_AVG": 294.29759883880615,
  "LANDAREA_AVG": 335.140869140625,
  "LIVINGAPARTMENTS_AVG": 279.49460315704346,
  "LIVINGAREA_AVG": 550.142653465271,
  "NONLIVINGAPARTMENTS_AVG": 254.74510383605957,
  "NONLIVINGAREA_AVG": 493.96903800964355,
  "APARTMENTS_MODE": 498.59692764282227,
  "BASEMENTAREA_MODE": 433.19213008880615,
  "YEARS_BEGINEXPLUATATION_MODE": 316.688720703125,
  "YEARS_BUILD_MODE": 195.3459987640381,
  "COMMONAREA_MODE": 347.17890310287476,
  "ELEVATORS_MODE": 77.60943984985352,
  "ENTRANCES_MODE": 115.86377048492432,
  "FLOORSMAX_MODE": 123.79393291473389,
  "FLOORSMIN_MODE": 83.07816982269287,
  "LANDAREA_MODE": 553.0252294540405,
  "LIVINGAPARTMENTS_MODE": 517.6272249221802,
  "LIVINGAREA_MODE": 569.4495034217834,
  "NONLIVINGAPARTMENTS_MODE": 307.8799991607666,
  "NONLIVINGAREA_MODE": 365.56825065612793,
  "APARTMENTS_MEDI": 162.7967176437378,
  "BASEMENTAREA_MEDI": 181.2328004837036,
  "YEARS_BEGINEXPLUATATION_MEDI": 424.5327625274658,
  "YEARS_BUILD_MEDI": 74.76549911499023,
  "COMMONAREA_MEDI": 122.10809993743896,
  "ELEVATORS_MEDI": 34.69890022277832,
  "ENTRANCES_MEDI": 26.993550300598145,
  "FLOORSMAX_MEDI": 69.6875,
  "FLOORSMIN_MEDI": 44.86112976074219,
  "LANDAREA_MEDI": 149.7564926147461,
  "LIVINGAPARTMENTS_MEDI": 117.38625192642212,
  "LIVINGAREA_MEDI": 249.71429920196533,
  "NONLIVINGAPARTMENTS_MEDI": 85.54749870300293,
  "NONLIVINGAREA_MEDI": 101.38706970214844,
  "FONDKAPREMONT_MODE": 34.802409648895264,
  "HOUSETYPE_MODE": 62.52080059051514,
  "TOTALAREA_MODE": 518.9721307754517,
  "WALLSMATERIAL_MODE": 94.87888050079346,
  "EMERGENCYSTATE_MODE": 39.6609001159668,
  "OBS_30_CNT_SOCIAL_CIRCLE": 470.4042043685913,
  "DEF_30_CNT_SOCIAL_CIRCLE": 1410.9031281471252,
  "OBS_60_CNT_SOCIAL_CIRCLE": 168.1471118927002,
  "DEF_60_CNT_SOCIAL_CIRCLE": 555.7358999252319,
  "DAYS_LAST_PHONE_CHANGE": 1580.6135478019714,
  "FLAG_DOCUMENT_2": 0.0,
  "FLAG_DOCUMENT_3": 1911.2559976577759,
  "FLAG_DOCUMENT_4": 0.0,
  "FLAG_DOCUMENT_5": 0.0,
  "FLAG_DOCUMENT_6": 13.582900047302246,
  "FLAG_DOCUMENT_7": 0.0,
  "FLAG_DOCUMENT_8": 37.55370044708252,
  "FLAG_DOCUMENT_9": 0.0,
  "FLAG_DOCUMENT_10": 0.0,
  "FLAG_DOCUMENT_11": 0.0,
  "FLAG_DOCUMENT_12": 0.0,
  "FLAG_DOCUMENT_13": 112.54451036453247,
  "FLAG_DOCUMENT_14": 21.517000198364258,
  "FLAG_DOCUMENT_15": 23.441500663757324,
  "FLAG_DOCUMENT_16": 226.35649394989014,
  "FLAG_DOCUMENT_17": 0.0,
  "FLAG_DOCUMENT_18": 284.27825927734375,
  "FLAG_DOCUMENT_19": 0.0,
  "FLAG_DOCUMENT_20": 0.0,
  "FLAG_DOCUMENT_21": 33.218600273132324,
  "AMT_REQ_CREDIT_BUREAU_HOUR": 47.77719974517822,
  "AMT_REQ_CREDIT_BUREAU_DAY": 55.091898918151855,
  "AMT_REQ_CREDIT_BUREAU_WEEK": 9.829660415649414,
  "AMT_REQ_CREDIT_BUREAU_MON": 207.8922996520996,
  "AMT_REQ_CREDIT_BUREAU_QRT": 663.3585824966431,
  "AMT_REQ_CREDIT_BUREAU_YEAR": 1141.271574497223,
  "MONTHS_BALANCE_mean": 1877.6006860733032,
  "MONTHS_BALANCE_std": 4521.431655406952,
  "MONTHS_BALANCE_min": 1961.619849205017,
  "MONTHS_BALANCE_max": 2002.2990436553955,
  "CNT_INSTALMENT_mean": 943.1575880050659,
  "CNT_INSTALMENT_std": 1094.1496467590332,
  "CNT_INSTALMENT_min": 768.5928936004639,
  "CNT_INSTALMENT_max": 647.0883808135986,
  "CNT_INSTALMENT_FUTURE_mean": 6170.722588062286,
  "CNT_INSTALMENT_FUTURE_std": 4041.588634967804,
  "CNT_INSTALMENT_FUTURE_min": 304.4610013961792,
  "CNT_INSTALMENT_FUTURE_max": 343.9539976119995,
  "SK_DPD_mean": 1378.6662969589233,
  "SK_DPD_std": 1026.25129032135,
  "SK_DPD_min": 0.0,
  "SK_DPD_max": 661.5466213226318,
  "SK_DPD_DEF_mean": 3157.297155380249,
  "SK_DPD_DEF_std": 2214.6941747665405,
  "SK_DPD_DEF_min": 0.0,
  "SK_DPD_DEF_max": 490.14886951446533,
  "NAME_CONTRACT_STATUS_Active_mean": 1664.2313890457153,
  "NAME_CONTRACT_STATUS_Amortized_debt_mean": 0.0,
  "NAME_CONTRACT_STATUS_Approved_mean": 125.99389839172363,
  "NAME_CONTRACT_STATUS_Canceled_mean": 0.0,
  "NAME_CONTRACT_STATUS_Completed_mean": 1002.1322841644287,
  "NAME_CONTRACT_STATUS_Demand_mean": 130.03607988357544,
  "NAME_CONTRACT_STATUS_Returned_to_the_store_mean": 517.9783926010132,
  "NAME_CONTRACT_STATUS_Signed_mean": 786.1112642288208,
  "NAME_CONTRACT_STATUS_XNA_mean": 0.0,
  "NAME_CONTRACT_STATUS_nan_mean": 0.0,
  "SK_ID_PREV_count": 2490.494897842407,
  "SK_ID_PREV_nunique": 1654.383490562439
}