{
  "NAME_CONTRACT_TYPE": 1406.1565380096436,
  "CODE_GENDER": 3373.027635574341,
  "FLAG_OWN_CAR": 81.35379886627197,
  "FLAG_OWN_REALTY": 202.193341255188,
  "CNT_CHILDREN": 170.55687189102173,
  "AMT_INCOME_TOTAL": 1936.2582669258118,
  "AMT_CREDIT": 8024.129905223846,
  "AMT_ANNUITY": 6842.077447414398,
  "AMT_GOODS_PRICE": 7178.81446647644,
  "NAME_TYPE_SUITE": 49.420599937438965,
  "NAME_INCOME_TYPE": 473.44987964630127,
  "NAME_EDUCATION_TYPE": 3607.2354917526245,
  "NAME_FAMILY_STATUS": 1171.1364483833313,
  "NAME_HOUSING_TYPE": 322.90146923065186,
  "REGION_POPULATION_RELATIVE": 1657.5327038764954,
  "DAYS_BIRTH": 7314.675801277161,
  "DAYS_EMPLOYED": 5647.850347995758,
  "DAYS_REGISTRATION": 2501.637942314148,
  "DAYS_ID_PUBLISH": 3790.006157398224,
  "OWN_CAR_AGE": 4557.369539260864,
  "FLAG_MOBIL": 0.0,
  "FLAG_EMP_PHONE": 0.0,
  "FLAG_WORK_PHONE": 696.8157305717468,
  "FLAG_CONT_MOBILE": 10.963000297546387,
  "FLAG_PHONE": 139.00412702560425,
  "FLAG_EMAIL": 54.660300731658936,
  "OCCUPATION_TYPE": 6233.19929599762,
  "CNT_FAM_MEMBERS": 139.25075721740723,
  "REGION_RATING_CLIENT": 59.563300132751465,
  "REGION_RATING_CLIENT_W_CITY": 1276.7646913528442,
  "WEEKDAY_APPR_PROCESS_START": 473.6982526779175,
  "HOUR_APPR_PROCESS_START": 888.8732018470764,
  "REG_REGION_NOT_LIVE_REGION": 0.0,
  "REG_REGION_NOT_WORK_REGION": 21.613000869750977,
  "LIVE_REGION_NOT_WORK_REGION": 10.366299629211426,
  "REG_CITY_NOT_LIVE_CITY": 869.5751738548279,
  "REG_CITY_NOT_WORK_CITY": 42.39169979095459,
  "LIVE_CITY_NOT_WORK_CITY": 155.58632946014404,
  "ORGANIZATION_TYPE": 20821.125479221344,
  "EXT_SOURCE_1": 19632.647916793823,
  "EXT_SOURCE_2": 54131.209129333496,
  "EXT_SOURCE_3": 64016.848990917206,
  "APARTMENTS_AVG": 685.8670024871826,
  "BASEMENTAREA_AVG": 546.7424283027649,
  "YEARS_BEGINEXPLUATATION_AVG": 555.7891712188721,
  "YEARS_BUILD_AVG": 312.4780306816101,
  "COMMONAREA_AVG": 670.2260756492615,
  "ELEVATORS_AVG": 130.2207794189453,
  "ENTRANCES_AVG": 359.8282718658447,
  "FLOORSMAX_AVG": 503.08095836639404,
  "FLOORSMIN_AVG": 395.5400290489197,
  "LANDAREA_AVG": 954.8635330200195,
  "LIVINGAPARTMENTS_AVG": 596.9427766799927,
  "LIVINGAREA_AVG": 766.4522223472595,
  "NONLIVINGAPARTMENTS_AVG": 347.23348903656006,
  "NONLIVINGAREA_AVG": 375.207471370697,
  "APARTMENTS_MODE": 537.0524168014526,
  "BASEMENTAREA_MODE": 518.6930184364319,
  "YEARS_BEGINEXPLUATATION_MODE": 519.3661003112793,
  "YEARS_BUILD_MODE": 165.27268886566162,
  "COMMONAREA_MODE": 531.8640127182007,
  "ELEVATORS_MODE": 143.3933300971985,
  "ENTRANCES_MODE": 225.70203971862793,
  "FLOORSMAX_MODE": 190.40637111663818,
  "FLOORSMIN_MODE": 181.9249792098999,
  "LANDAREA_MODE": 780.4665002822876,
  "LIVINGAPARTMENTS_MODE": 543.5508794784546,
  "LIVINGAREA_MODE": 610.0876512527466,
  "NONLIVINGAPARTMENTS_MODE": 237.33889961242676,
  "NONLIVINGAREA_MODE": 627.543438911438,
  "APARTMENTS_MEDI": 340.80677223205566,
  "BASEMENTAREA_MEDI": 196.60359954833984,
  "YEARS_BEGINEXPLUATATION_MEDI": 540.8953628540039,
  "YEARS_BUILD_MEDI": 73.00990009307861,
  "COMMONAREA_MEDI": 98.88050079345703,
  "ELEVATORS_MEDI": 76.20223903656006,
  "ENTRANCES_MEDI": 187.71919918060303,
  "FLOORSMAX_MEDI": 61.928441524505615,
  "FLOORSMIN_MEDI": 65.73690032958984,
  "LANDAREA_MEDI": 364.43170261383057,
  "LIVINGAPARTMENTS_MEDI": 146.2593593597412,
  "LIVINGAREA_MEDI": 444.5586214065552,
  "NONLIVINGAPARTMENTS_MEDI": 67.6319808959961,
  "NONLIVINGAREA_MEDI": 219.73338890075684,
  "FONDKAPREMONT_MODE": 40.6111798286438,
  "HOUSETYPE_MODE": 54.852060317993164,
  "TOTALAREA_MODE": 1082.8246803283691,
  "WALLSMATERIAL_MODE": 435.6900815963745,
  "EMERGENCYSTATE_MODE": 19.971799850463867,
  "OBS_30_CNT_SOCIAL_CIRCLE": 645.0911297798157,
  "DEF_30_CNT_SOCIAL_CIRCLE": 952.9796829223633,
  "OBS_60_CNT_SOCIAL_CIRCLE": 218.154278755188,
  "DEF_60_CNT_SOCIAL_CIRCLE": 775.9932899475098,
  "DAYS_LAST_PHONE_CHANGE": 3196.7175908088684,
  "FLAG_DOCUMENT_2": 0.0,
  "FLAG_DOCUMENT_3": 1657.628201007843,
  "FLAG_DOCUMENT_4": 0.0,
  "FLAG_DOCUMENT_5": 39.612701416015625,
  "FLAG_DOCUMENT_6": 35.50204086303711,
  "FLAG_DOCUMENT_7": 0.0,
  "FLAG_DOCUMENT_8": 42.589799880981445,
  "FLAG_DOCUMENT_9": 0.0,
  "FLAG_DOCUMENT_10": 0.0,
  "FLAG_DOCUMENT_11": 0.0,
  "FLAG_DOCUMENT_12": 0.0,
  "FLAG_DOCUMENT_13": 32.817349433898926,
  "FLAG_DOCUMENT_14": 25.11967945098877,
  "FLAG_DOCUMENT_15": 0.0,
  "FLAG_DOCUMENT_16": 209.57399940490723,
  "FLAG_DOCUMENT_17": 0.0,
  "FLAG_DOCUMENT_18": 238.09539985656738,
  "FLAG_DOCUMENT_19": 0.0,
  "FLAG_DOCUMENT_20": 0.0,
  "FLAG_DOCUMENT_21": 0.0,
  "AMT_REQ_CREDIT_BUREAU_HOUR": 27.432100296020508,
  "AMT_REQ_CREDIT_BUREAU_DAY": 124.1717004776001,
  "AMT_REQ_CREDIT_BUREAU_WEEK": 208.51777839660645,
  "AMT_REQ_CREDIT_BUREAU_MON": 203.1883578300476,
  "AMT_REQ_CREDIT_BUREAU_QRT": 1345.275381565094,
  "AMT_REQ_CREDIT_BUREAU_YEAR": 1345.2796697616577
}